order_id,customer_id,product_id,quantity,order_date
1,265,6,1,2025-08-07
2,122,19,2,2025-06-25
3,167,5,1,2025-04-01
4,466,10,1,2025-01-18
5,432,15,1,2025-08-09
6,24,7,3,2025-02-20
7,45,1,1,2025-10-26
8,16,4,2,2025-02-10
9,238,5,2,2025-03-26
10,296,14,1,2025-11-07
11,141,18,2,2025-06-17
12,82,18,3,2025-10-10
13,146,6,3,2025-07-23
14,228,20,4,2025-08-09
15,40,8,2,2025-02-24
16,160,11,2,2025-10-19
17,149,5,1,2025-08-21
18,159,17,1,2025-01-29
19,368,7,1,2025-09-14
20,83,14,2,2025-09-22
21,151,15,1,2025-02-15
22,446,3,1,2025-08-05
23,389,3,2,2025-01-22
24,87,16,4,2025-07-05
25,133,1,1,2025-07-21
26,497,12,1,2025-08-02
27,287,18,3,2025-06-01
28,269,4,1,2025-08-15
29,361,2,2,2025-02-18
30,148,7,2,2025-08-31
31,95,1,2,2025-02-27
32,116,17,1,2025-11-15
33,310,13,2,2025-07-11
34,199,16,2,2025-09-05
35,382,12,2,2025-09-19
36,492,3,1,2025-06-03
37,472,1,2,2025-05-11
38,261,9,1,2025-05-29
39,387,18,1,2025-02-28
40,342,10,4,2025-02-24
41,133,4,1,2025-12-02
42,430,20,1,2025-11-30
43,172,10,2,2025-08-24
44,440,13,1,2025-05-19
45,45,15,2,2025-07-14
46,392,19,1,2025-07-28
47,390,19,3,2025-11-11
48,400,11,1,2025-02-06
49,216,15,1,2025-03-18
50,490,20,2,2025-05-18
51,466,18,1,2025-08-17
52,160,7,2,2025-08-11
53,193,9,2,2025-07-30
54,468,11,1,2025-06-20
55,170,8,1,2025-10-08
56,66,7,2,2025-03-01
57,24,7,4,2025-09-23
58,122,4,2,2025-02-06
59,293,18,1,2025-06-24
60,102,20,1,2025-03-09
61,29,10,1,2025-02-16
62,23,1,4,2025-06-25
63,123,14,1,2025-11-19
64,56,5,1,2025-04-03
65,157,16,3,2025-10-10
66,451,3,4,2025-12-26
67,178,20,1,2025-05-30
68,69,19,2,2025-04-22
69,213,2,2,2025-09-29
70,309,9,1,2025-07-17
71,41,6,1,2025-02-08
72,426,8,2,2025-08-02
73,370,6,1,2025-11-01
74,203,3,2,2025-10-05
75,22,5,3,2025-05-30
76,61,5,1,2025-11-24
77,193,6,2,2025-08-14
78,90,14,1,2025-05-31
79,93,5,2,2025-02-18
80,426,12,1,2025-11-16
81,268,11,1,2025-05-02
82,123,6,3,2025-02-28
83,38,18,2,2025-04-30
84,259,6,1,2025-06-29
85,197,11,1,2025-05-12
86,66,8,4,2025-02-15
87,45,10,4,2025-02-23
88,82,8,1,2025-07-22
89,83,6,1,2025-05-19
90,60,4,1,2025-12-01
91,458,13,1,2025-12-21
92,201,11,1,2025-07-14
93,420,20,2,2025-10-26
94,371,8,1,2025-06-21
95,415,19,1,2025-07-24
96,26,19,2,2025-05-05
97,329,13,2,2025-08-21
98,397,17,3,2025-03-19
99,266,9,2,2025-10-03
100,2,12,1,2025-12-29
101,440,2,1,2025-10-19
102,65,9,2,2025-02-25
103,249,8,3,2025-08-25
104,160,9,1,2025-09-23
105,152,14,2,2025-01-27
106,237,13,1,2025-12-13
107,278,4,2,2025-12-26
108,424,12,1,2025-01-15
109,145,18,2,2025-04-12
110,496,10,2,2025-07-13
111,87,7,3,2025-09-18
112,184,15,1,2025-09-27
113,448,12,2,2025-08-04
114,255,15,1,2025-11-28
115,95,13,1,2025-09-12
116,205,10,1,2025-06-10
117,414,2,2,2025-02-17
118,328,15,1,2025-08-30
119,444,7,1,2025-03-01
120,390,19,1,2025-11-11
121,457,14,1,2025-11-14
122,138,16,1,2025-02-20
123,141,14,3,2025-09-28
124,102,20,2,2025-07-17
125,385,20,2,2025-09-30
126,128,7,1,2025-08-17
127,359,20,1,2025-06-10
128,343,11,1,2025-01-09
129,351,18,2,2025-05-13
130,222,4,3,2025-12-08
131,165,7,1,2025-09-15
132,245,9,1,2025-08-19
133,405,5,3,2025-12-15
134,462,7,4,2025-11-04
135,11,15,2,2025-03-27
136,382,3,1,2025-06-25
137,350,5,2,2025-08-20
138,145,7,2,2025-04-05
139,182,9,1,2025-08-28
140,409,6,1,2025-11-11
141,183,1,1,2025-06-15
142,399,3,1,2025-11-03
143,350,16,1,2025-02-12
144,196,10,1,2025-12-31
145,473,4,1,2025-05-27
146,310,18,4,2025-12-07
147,317,2,1,2025-08-03
148,396,5,3,2025-04-09
149,112,14,1,2025-09-17
150,417,12,1,2025-03-06
151,254,12,1,2025-04-18
152,344,16,4,2025-08-27
153,12,20,1,2025-02-08
154,48,14,4,2025-09-23
155,161,7,1,2025-03-06
156,213,5,2,2025-01-19
157,382,8,2,2025-09-06
158,417,19,1,2025-10-27
159,198,7,2,2025-09-18
160,401,4,3,2025-06-29
161,134,3,3,2025-12-01
162,49,7,1,2025-02-26
163,141,2,1,2025-03-24
164,1,2,2,2025-06-09
165,50,1,2,2025-09-30
166,412,7,1,2025-03-03
167,33,18,2,2025-07-21
168,270,10,1,2025-10-27
169,212,8,2,2025-08-03
170,129,7,1,2025-10-02
171,270,16,1,2025-04-23
172,184,9,1,2025-03-22
173,325,16,1,2025-10-05
174,43,7,1,2025-03-06
175,22,17,1,2025-09-13
176,496,18,2,2025-02-20
177,90,9,1,2025-03-09
178,438,20,3,2025-12-23
179,228,4,1,2025-06-22
180,329,19,2,2025-04-16
181,4,12,2,2025-05-21
182,415,8,1,2025-09-17
183,266,1,2,2025-05-16
184,244,13,1,2025-04-05
185,130,16,2,2025-05-08
186,281,4,1,2025-05-21
187,67,11,1,2025-06-14
188,283,13,1,2025-09-04
189,182,1,1,2025-08-07
190,448,16,1,2025-08-24
191,420,18,1,2025-10-30
192,239,17,1,2025-12-08
193,171,5,2,2025-06-19
194,98,7,1,2025-09-06
195,447,2,1,2025-02-08
196,212,11,1,2025-03-06
197,326,18,1,2025-05-06
198,181,5,1,2025-01-21
199,172,6,2,2025-06-02
200,103,17,3,2025-11-21
201,350,2,1,2025-01-19
202,58,10,1,2025-08-15
203,100,18,2,2025-02-07
204,410,14,4,2025-07-12
205,222,1,1,2025-01-23
206,162,10,2,2025-12-13
207,458,17,1,2025-10-20
208,490,7,1,2025-07-02
209,145,20,1,2025-10-21
210,199,16,1,2025-08-02
211,328,7,1,2025-12-25
212,52,16,2,2025-11-13
213,289,8,1,2025-06-10
214,216,17,3,2025-08-20
215,402,19,1,2025-10-10
216,165,6,2,2025-06-14
217,192,10,2,2025-05-08
218,278,8,1,2025-04-28
219,36,8,1,2025-04-22
220,84,11,1,2025-09-21
221,432,5,2,2025-10-04
222,378,11,2,2025-04-04
223,486,19,2,2025-02-08
224,335,20,3,2025-01-20
225,424,8,3,2025-12-03
226,290,20,1,2025-01-02
227,468,14,2,2025-01-31
228,14,7,3,2025-09-29
229,120,10,1,2025-06-15
230,3,12,1,2025-10-15
231,441,18,1,2025-11-07
232,283,2,1,2025-04-09
233,218,16,1,2025-03-20
234,269,5,4,2025-12-19
235,396,18,1,2025-12-06
236,298,20,1,2025-11-17
237,59,3,2,2025-07-04
238,241,5,4,2025-07-26
239,365,13,1,2025-12-08
240,185,3,1,2025-06-02
241,441,16,2,2025-01-26
242,143,15,3,2025-04-21
243,34,1,1,2025-07-04
244,232,9,1,2025-09-09
245,314,14,1,2025-10-16
246,310,3,1,2025-01-15
247,481,11,1,2025-06-13
248,70,12,1,2025-03-10
249,93,2,3,2025-03-14
250,203,5,4,2025-10-23
251,123,2,2,2025-12-28
252,436,18,1,2025-08-20
253,67,9,1,2025-03-16
254,268,8,4,2025-12-29
255,331,1,2,2025-07-18
256,151,11,1,2025-11-26
257,156,19,2,2025-11-29
258,59,6,2,2025-01-22
259,469,4,1,2025-01-26
260,458,18,1,2025-07-27
261,397,9,1,2025-03-04
262,485,6,1,2025-04-24
263,257,6,4,2025-03-14
264,48,14,2,2025-11-13
265,271,17,4,2025-08-14
266,422,8,1,2025-12-11
267,462,16,1,2025-05-22
268,272,20,4,2025-11-25
269,219,15,1,2025-06-16
270,229,18,1,2025-05-22
271,98,8,1,2025-09-22
272,39,12,1,2025-10-12
273,97,19,2,2025-02-01
274,18,7,1,2025-02-27
275,142,20,1,2025-05-20
276,258,14,4,2025-12-08
277,21,5,1,2025-05-10
278,77,19,1,2025-01-24
279,75,12,3,2025-04-06
280,269,14,1,2025-08-17
281,254,17,2,2025-08-26
282,433,13,1,2025-12-13
283,57,2,1,2025-05-29
284,219,13,1,2025-12-12
285,163,16,1,2025-06-04
286,92,13,2,2025-04-28
287,88,14,1,2025-10-22
288,115,16,1,2025-09-21
289,358,19,1,2025-10-28
290,54,12,1,2025-07-01
291,16,11,1,2025-04-12
292,498,2,1,2025-06-27
293,461,9,1,2025-09-25
294,297,5,2,2025-03-25
295,306,2,4,2025-01-07
296,235,10,1,2025-11-24
297,359,2,2,2025-09-20
298,325,15,1,2025-10-13
299,229,13,3,2025-10-09
300,316,7,2,2025-05-07
301,390,14,4,2025-09-15
302,186,12,2,2025-06-05
303,185,11,2,2025-06-28
304,230,11,2,2025-03-20
305,175,3,1,2025-05-17
306,314,3,3,2025-09-30
307,367,6,1,2025-02-06
308,479,17,1,2025-02-26
309,198,6,1,2025-03-11
310,442,15,2,2025-10-05
311,419,4,1,2025-10-15
312,240,17,1,2025-02-23
313,125,7,1,2025-09-16
314,276,17,1,2025-09-15
315,212,10,2,2025-08-01
316,374,3,1,2025-10-25
317,220,17,1,2025-05-04
318,181,4,1,2025-03-06
319,172,8,1,2025-11-29
320,376,4,1,2025-04-25
321,183,3,1,2025-09-13
322,152,18,1,2025-05-15
323,270,16,3,2025-05-14
324,249,13,3,2025-08-23
325,312,20,2,2025-06-10
326,445,17,2,2025-11-28
327,180,10,1,2025-09-17
328,8,12,1,2025-06-24
329,246,9,2,2025-10-06
330,277,13,1,2025-11-02
331,357,5,2,2025-01-26
332,424,16,3,2025-12-30
333,60,18,1,2025-02-16
334,201,15,2,2025-04-08
335,315,19,1,2025-12-30
336,279,13,1,2025-04-19
337,112,4,1,2025-08-18
338,475,16,2,2025-05-28
339,2,14,1,2025-09-28
340,88,5,1,2025-10-24
341,461,19,1,2025-04-20
342,339,20,1,2025-10-25
343,481,6,4,2025-07-25
344,133,1,1,2025-06-06
345,350,6,2,2025-08-11
346,386,12,2,2025-05-19
347,421,5,1,2025-07-28
348,286,8,1,2025-12-29
349,105,5,1,2025-09-24
350,405,16,1,2025-02-02
351,170,15,1,2025-03-28
352,95,4,1,2025-03-13
353,218,10,3,2025-07-12
354,322,15,4,2025-09-09
355,83,9,1,2025-03-30
356,462,2,2,2025-03-31
357,44,16,1,2025-06-01
358,235,3,1,2025-03-15
359,202,10,1,2025-03-12
360,399,5,2,2025-11-28
361,319,6,1,2025-02-13
362,128,6,3,2025-02-19
363,257,9,1,2025-05-28
364,424,13,1,2025-05-26
365,43,4,2,2025-06-08
366,392,4,3,2025-03-18
367,308,18,2,2025-01-27
368,114,11,3,2025-01-19
369,271,7,2,2025-07-16
370,380,13,2,2025-02-16
371,80,19,2,2025-12-22
372,221,2,1,2025-11-16
373,493,15,2,2025-02-28
374,375,13,1,2025-04-16
375,494,5,1,2025-09-03
376,253,11,1,2025-08-01
377,417,16,3,2025-10-19
378,124,16,2,2025-09-26
379,127,11,1,2025-05-03
380,398,10,2,2025-12-17
381,408,19,4,2025-05-24
382,177,8,1,2025-08-21
383,36,20,1,2025-08-07
384,207,13,1,2025-11-16
385,259,16,1,2025-08-11
386,490,10,1,2025-11-19
387,125,16,1,2025-03-27
388,304,6,2,2025-08-29
389,474,1,1,2025-12-02
390,356,7,1,2025-07-25
391,238,2,1,2025-10-26
392,433,16,1,2025-01-12
393,209,19,1,2025-05-12
394,375,11,3,2025-04-05
395,112,15,3,2025-04-19
396,108,11,2,2025-07-13
397,400,5,1,2025-05-29
398,14,7,2,2025-12-16
399,54,13,2,2025-12-05
400,266,3,1,2025-06-23
401,31,13,1,2025-01-07
402,445,17,1,2025-10-24
403,486,12,1,2025-04-07
404,487,4,3,2025-11-26
405,414,7,1,2025-04-17
406,106,3,1,2025-02-02
407,191,2,4,2025-02-02
408,38,1,2,2025-02-18
409,368,12,2,2025-01-14
410,316,9,2,2025-11-18
411,220,11,2,2025-06-01
412,224,15,1,2025-05-07
413,35,4,2,2025-10-13
414,131,9,1,2025-02-26
415,400,17,1,2025-12-14
416,344,13,1,2025-11-09
417,441,16,1,2025-10-02
418,109,10,3,2025-09-09
419,56,6,2,2025-04-01
420,145,7,2,2025-07-22
421,223,13,2,2025-12-04
422,68,7,2,2025-09-11
423,280,14,1,2025-10-02
424,224,2,1,2025-05-30
425,499,5,1,2025-10-31
426,372,16,2,2025-03-28
427,232,11,2,2025-12-17
428,237,11,2,2025-07-02
429,361,19,1,2025-12-17
430,265,13,2,2025-08-08
431,61,2,1,2025-09-02
432,241,11,1,2025-12-03
433,279,10,4,2025-07-07
434,226,12,1,2025-03-08
435,73,2,1,2025-08-24
436,216,8,2,2025-10-08
437,355,1,2,2025-12-23
438,78,3,1,2025-12-10
439,201,13,1,2025-05-25
440,321,7,2,2025-05-31
441,77,5,3,2025-12-11
442,251,4,2,2025-10-03
443,180,20,1,2025-09-22
444,144,7,1,2025-04-02
445,320,12,4,2025-01-04
446,496,3,2,2025-07-12
447,361,18,3,2025-04-28
448,102,8,2,2025-07-12
449,113,7,1,2025-03-30
450,493,9,3,2025-12-26
451,291,16,1,2025-01-14
452,161,13,2,2025-07-19
453,88,11,2,2025-05-31
454,205,14,1,2025-10-01
455,213,7,1,2025-06-06
456,95,11,1,2025-11-07
457,29,5,2,2025-12-26
458,277,4,1,2025-01-08
459,57,4,2,2025-11-22
460,138,14,1,2025-01-24
461,462,12,1,2025-01-09
462,425,3,2,2025-02-26
463,115,9,1,2025-05-20
464,36,10,3,2025-10-21
465,64,1,1,2025-08-05
466,452,7,1,2025-07-20
467,449,5,2,2025-02-21
468,363,4,4,2025-08-07
469,436,10,1,2025-12-03
470,239,16,1,2025-05-12
471,367,1,1,2025-06-25
472,356,8,1,2025-01-07
473,272,13,2,2025-08-19
474,389,11,2,2025-10-23
475,23,3,1,2025-08-15
476,302,14,1,2025-03-31
477,433,5,1,2025-03-01
478,207,2,2,2025-03-06
479,284,19,1,2025-08-11
480,465,11,3,2025-01-07
481,260,20,1,2025-11-15
482,382,15,3,2025-12-21
483,117,20,2,2025-10-16
484,40,2,2,2025-11-07
485,470,13,1,2025-08-21
486,286,11,2,2025-02-26
487,355,2,2,2025-03-08
488,425,11,1,2025-06-22
489,273,7,4,2025-02-17
490,367,1,1,2025-05-15
491,189,5,1,2025-08-05
492,472,11,1,2025-09-25
493,474,18,1,2025-03-14
494,426,16,2,2025-03-30
495,239,19,1,2025-02-04
496,347,13,1,2025-12-27
497,226,2,2,2025-11-10
498,170,7,1,2025-01-27
499,378,16,1,2025-07-06
500,168,1,1,2025-11-05
501,159,17,1,2025-10-20
502,477,6,1,2025-08-26
503,177,18,1,2025-04-14
504,71,6,2,2025-02-25
505,67,1,1,2025-06-15
506,70,5,1,2025-06-10
507,271,11,1,2025-06-05
508,17,14,1,2025-08-13
509,165,14,1,2025-05-31
510,7,10,1,2025-04-01
511,162,8,2,2025-01-03
512,189,17,2,2025-07-13
513,73,1,1,2025-10-04
514,173,18,1,2025-06-03
515,49,16,3,2025-04-29
516,12,20,2,2025-08-08
517,452,6,2,2025-07-03
518,317,6,4,2025-12-06
519,369,1,1,2025-12-17
520,274,11,1,2025-02-23
521,46,20,1,2025-01-29
522,227,3,1,2025-11-04
523,2,10,4,2025-04-17
524,238,1,1,2025-02-17
525,363,19,1,2025-10-15
526,253,1,1,2025-02-03
527,5,19,1,2025-12-27
528,486,20,1,2025-04-05
529,364,18,1,2025-02-17
530,140,9,1,2025-11-09
531,165,11,4,2025-03-24
532,94,15,1,2025-04-21
533,202,8,1,2025-09-18
534,341,10,2,2025-03-08
535,187,6,1,2025-05-27
536,175,7,1,2025-09-19
537,327,8,3,2025-01-21
538,286,6,3,2025-03-20
539,215,7,1,2025-07-26
540,248,12,1,2025-02-15
541,340,15,1,2025-04-19
542,404,19,2,2025-12-08
543,76,15,2,2025-09-08
544,497,10,1,2025-05-05
545,56,11,1,2025-10-13
546,89,9,1,2025-08-12
547,37,19,1,2025-04-05
548,20,19,1,2025-02-09
549,168,6,1,2025-05-09
550,140,6,1,2025-03-12
551,210,8,1,2025-05-05
552,164,7,1,2025-02-02
553,113,5,2,2025-08-07
554,496,8,1,2025-12-05
555,400,11,1,2025-01-13
556,387,2,2,2025-10-07
557,240,18,1,2025-02-14
558,384,15,1,2025-10-22
559,35,19,1,2025-12-05
560,498,9,1,2025-10-09
561,139,14,1,2025-09-02
562,386,15,2,2025-10-19
563,260,18,1,2025-10-02
564,138,20,1,2025-06-01
565,330,9,1,2025-12-21
566,197,18,3,2025-06-05
567,93,6,3,2025-12-01
568,213,16,1,2025-04-30
569,26,9,1,2025-05-17
570,252,1,1,2025-02-25
571,305,12,1,2025-06-26
572,412,20,4,2025-04-04
573,4,16,4,2025-07-31
574,420,4,1,2025-02-21
575,280,4,2,2025-04-21
576,293,7,3,2025-04-07
577,471,3,2,2025-05-20
578,361,6,2,2025-01-22
579,91,17,1,2025-07-05
580,257,6,2,2025-04-05
581,190,3,3,2025-04-06
582,448,6,1,2025-03-09
583,61,12,2,2025-06-29
584,222,10,1,2025-02-27
585,361,20,1,2025-04-25
586,437,6,3,2025-06-26
587,461,2,1,2025-08-02
588,465,14,1,2025-12-12
589,164,8,1,2025-09-27
590,209,7,3,2025-03-11
591,430,6,2,2025-08-12
592,34,12,2,2025-01-15
593,52,7,2,2025-06-12
594,48,16,2,2025-12-13
595,202,18,1,2025-11-07
596,161,19,1,2025-05-15
597,234,6,1,2025-06-21
598,185,11,1,2025-04-03
599,95,4,1,2025-04-23
600,314,7,1,2025-05-22
601,347,11,2,2025-01-07
602,190,6,4,2025-08-03
603,150,11,3,2025-11-29
604,397,8,1,2025-01-22
605,496,14,4,2025-10-20
606,230,1,2,2025-02-03
607,16,3,2,2025-01-11
608,254,2,3,2025-09-22
609,300,13,2,2025-06-12
610,378,12,3,2025-11-04
611,23,1,2,2025-09-16
612,109,4,2,2025-11-11
613,245,9,1,2025-11-24
614,170,15,1,2025-09-14
615,346,2,3,2025-09-17
616,383,2,1,2025-03-14
617,98,20,2,2025-08-03
618,306,5,1,2025-04-23
619,348,1,2,2025-08-14
620,22,18,2,2025-01-02
621,495,19,2,2025-03-18
622,236,5,1,2025-06-27
623,47,7,1,2025-07-24
624,216,6,3,2025-08-07
625,309,20,1,2025-05-24
626,193,1,1,2025-03-07
627,74,6,1,2025-02-06
628,383,17,3,2025-07-01
629,422,1,1,2025-01-10
630,202,15,1,2025-01-30
631,199,20,1,2025-02-14
632,100,3,1,2025-07-29
633,417,12,1,2025-04-25
634,414,7,1,2025-02-20
635,48,14,3,2025-10-31
636,185,12,1,2025-07-27
637,163,4,1,2025-07-08
638,364,19,2,2025-04-16
639,1,2,3,2025-09-16
640,418,2,1,2025-02-02
641,445,2,3,2025-09-26
642,118,10,1,2025-07-20
643,143,16,1,2025-01-11
644,251,18,1,2025-12-28
645,287,17,1,2025-04-17
646,239,2,2,2025-11-20
647,460,14,1,2025-10-30
648,210,2,1,2025-05-14
649,133,10,1,2025-09-12
650,153,16,1,2025-04-02
651,21,3,3,2025-03-19
652,302,12,2,2025-02-18
653,484,17,1,2025-06-09
654,76,12,1,2025-01-04
655,148,16,4,2025-04-09
656,23,7,1,2025-10-01
657,425,12,2,2025-11-05
658,180,12,2,2025-01-04
659,99,20,1,2025-05-25
660,95,11,2,2025-02-15
661,306,12,2,2025-09-10
662,377,10,2,2025-11-22
663,102,5,2,2025-09-30
664,149,18,3,2025-05-01
665,270,14,4,2025-07-02
666,209,4,1,2025-07-16
667,175,3,1,2025-12-23
668,264,3,3,2025-01-25
669,382,3,1,2025-10-02
670,383,17,3,2025-02-05
671,465,15,1,2025-01-21
672,346,17,2,2025-08-19
673,30,17,2,2025-11-17
674,294,10,2,2025-04-28
675,96,20,2,2025-03-11
676,333,9,2,2025-06-09
677,191,20,1,2025-01-03
678,102,14,1,2025-07-16
679,420,12,1,2025-06-25
680,203,18,2,2025-08-01
681,173,14,2,2025-03-11
682,321,6,2,2025-10-16
683,474,11,2,2025-10-11
684,51,3,1,2025-04-10
685,489,18,2,2025-05-01
686,46,8,1,2025-08-05
687,8,15,2,2025-05-19
688,297,20,1,2025-08-04
689,364,9,3,2025-01-14
690,362,8,1,2025-07-09
691,166,2,1,2025-05-18
692,97,4,3,2025-05-17
693,191,11,1,2025-12-11
694,53,5,2,2025-05-04
695,428,8,2,2025-10-20
696,402,12,2,2025-02-10
697,451,20,1,2025-03-12
698,26,20,3,2025-12-04
699,325,11,2,2025-08-23
700,106,15,1,2025-10-27
701,99,1,2,2025-10-10
702,476,10,1,2025-10-30
703,423,2,3,2025-08-29
704,469,2,2,2025-07-14
705,441,10,1,2025-11-15
706,60,6,1,2025-02-05
707,159,17,1,2025-01-08
708,114,19,1,2025-07-20
709,176,4,2,2025-10-22
710,185,16,3,2025-08-17
711,218,4,3,2025-01-19
712,452,19,2,2025-10-30
713,270,13,2,2025-07-07
714,346,11,4,2025-01-07
715,455,12,2,2025-02-22
716,189,7,1,2025-01-05
717,159,11,1,2025-07-09
718,170,17,1,2025-04-02
719,444,8,4,2025-06-12
720,87,13,1,2025-04-27
721,276,11,1,2025-02-09
722,322,16,1,2025-12-13
723,275,14,1,2025-03-28
724,132,6,1,2025-06-19
725,408,13,2,2025-02-12
726,374,5,2,2025-07-08
727,162,8,1,2025-09-23
728,50,10,4,2025-08-28
729,189,1,2,2025-08-22
730,376,10,1,2025-10-29
731,80,13,2,2025-10-20
732,430,19,3,2025-02-14
733,191,1,2,2025-05-10
734,39,15,1,2025-03-13
735,301,9,1,2025-03-16
736,83,5,1,2025-06-14
737,428,16,3,2025-10-12
738,327,18,1,2025-02-15
739,367,19,1,2025-05-16
740,204,19,4,2025-12-11
741,219,9,2,2025-07-10
742,229,15,1,2025-10-03
743,51,3,2,2025-10-21
744,117,16,1,2025-09-01
745,152,18,2,2025-07-12
746,247,7,1,2025-10-10
747,68,10,1,2025-05-18
748,431,12,3,2025-10-28
749,176,18,4,2025-05-09
750,115,12,2,2025-12-07
751,75,9,2,2025-05-07
752,172,2,1,2025-04-16
753,497,2,1,2025-11-01
754,444,11,1,2025-08-19
755,93,9,1,2025-08-13
756,105,5,1,2025-10-28
757,357,15,2,2025-12-29
758,288,6,1,2025-11-11
759,415,18,2,2025-12-03
760,400,1,2,2025-08-31
761,34,20,1,2025-03-27
762,407,8,1,2025-09-29
763,456,19,1,2025-05-30
764,283,11,1,2025-02-08
765,158,17,1,2025-11-30
766,198,12,1,2025-03-31
767,282,17,3,2025-08-10
768,36,15,1,2025-07-29
769,151,13,1,2025-04-15
770,200,10,2,2025-06-22
771,114,11,1,2025-10-14
772,409,14,1,2025-09-30
773,328,17,3,2025-04-10
774,77,2,1,2025-08-01
775,392,15,1,2025-09-28
776,336,4,1,2025-04-04
777,83,19,1,2025-01-23
778,438,5,3,2025-12-27
779,90,4,2,2025-07-18
780,17,19,3,2025-05-24
781,426,14,1,2025-01-10
782,194,15,2,2025-10-24
783,11,10,3,2025-04-24
784,115,8,2,2025-03-04
785,401,20,1,2025-04-20
786,125,17,3,2025-02-20
787,481,5,1,2025-07-11
788,496,9,2,2025-01-05
789,259,11,2,2025-04-02
790,178,14,1,2025-05-30
791,128,15,2,2025-04-23
792,69,4,3,2025-05-24
793,450,1,1,2025-03-14
794,278,1,1,2025-05-02
795,297,10,1,2025-01-21
796,265,6,2,2025-09-15
797,495,2,2,2025-07-14
798,88,5,1,2025-10-07
799,237,16,1,2025-10-10
800,94,16,1,2025-07-01
801,473,5,2,2025-07-14
802,419,3,3,2025-01-30
803,203,16,3,2025-07-05
804,350,11,1,2025-09-04
805,219,14,3,2025-08-12
806,51,12,1,2025-04-26
807,296,19,1,2025-02-02
808,338,2,4,2025-11-04
809,143,4,2,2025-03-21
810,444,4,2,2025-01-18
811,302,8,2,2025-07-22
812,258,3,1,2025-04-05
813,238,3,1,2025-02-03
814,319,5,1,2025-05-09
815,381,14,2,2025-09-18
816,270,12,1,2025-12-08
817,270,17,1,2025-06-17
818,370,5,2,2025-12-27
819,41,12,2,2025-11-07
820,177,11,2,2025-09-06
821,169,20,1,2025-08-11
822,31,10,1,2025-08-06
823,139,5,1,2025-07-28
824,366,16,1,2025-03-09
825,11,1,3,2025-03-17
826,347,9,1,2025-01-15
827,239,12,1,2025-10-07
828,299,6,3,2025-06-08
829,377,6,2,2025-08-11
830,28,18,4,2025-12-15
831,465,15,1,2025-03-31
832,110,17,2,2025-10-24
833,65,5,1,2025-07-19
834,232,5,2,2025-10-29
835,177,13,2,2025-06-30
836,136,11,1,2025-05-16
837,96,16,1,2025-07-18
838,220,16,1,2025-03-31
839,186,12,1,2025-08-03
840,33,2,1,2025-10-08
841,312,8,1,2025-04-24
842,408,9,2,2025-04-28
843,137,19,2,2025-12-16
844,216,4,1,2025-09-30
845,490,9,1,2025-03-20
846,159,11,1,2025-02-08
847,418,3,1,2025-08-26
848,279,6,1,2025-12-06
849,376,13,1,2025-01-07
850,11,9,1,2025-04-02
851,441,5,1,2025-02-22
852,201,7,1,2025-07-13
853,63,4,1,2025-04-25
854,275,7,1,2025-05-01
855,166,5,1,2025-06-29
856,471,8,1,2025-02-09
857,97,3,4,2025-07-27
858,309,13,4,2025-08-11
859,367,2,4,2025-05-28
860,103,18,1,2025-08-16
861,63,8,3,2025-04-23
862,75,9,1,2025-12-30
863,334,13,4,2025-08-05
864,29,9,2,2025-12-03
865,307,15,1,2025-07-08
866,267,4,1,2025-09-03
867,166,4,1,2025-04-04
868,428,18,2,2025-01-13
869,390,20,1,2025-11-15
870,81,3,1,2025-09-04
871,85,12,2,2025-05-31
872,295,10,2,2025-05-14
873,258,12,1,2025-11-30
874,282,15,2,2025-11-18
875,394,10,1,2025-09-17
876,43,19,1,2025-03-31
877,78,20,1,2025-02-17
878,408,20,1,2025-03-03
879,373,9,1,2025-07-16
880,400,1,3,2025-12-16
881,466,4,2,2025-03-10
882,74,10,1,2025-11-30
883,99,7,1,2025-07-11
884,6,7,3,2025-04-01
885,74,16,4,2025-11-29
886,51,15,1,2025-08-05
887,464,11,1,2025-11-02
888,142,4,1,2025-07-29
889,128,10,2,2025-04-03
890,65,6,1,2025-12-06
891,201,17,2,2025-09-06
892,356,5,3,2025-09-19
893,88,13,1,2025-09-29
894,50,15,1,2025-08-10
895,373,5,1,2025-12-18
896,275,19,2,2025-02-28
897,303,16,2,2025-02-21
898,155,19,2,2025-07-20
899,25,10,2,2025-02-18
900,106,18,1,2025-12-24
901,310,17,2,2025-06-20
902,123,6,1,2025-09-30
903,199,16,2,2025-07-14
904,56,7,2,2025-01-30
905,130,6,3,2025-06-28
906,382,9,1,2025-09-12
907,439,15,3,2025-04-01
908,46,12,1,2025-04-30
909,200,8,2,2025-08-05
910,238,3,1,2025-07-28
911,208,3,1,2025-11-07
912,430,1,1,2025-08-08
913,235,16,1,2025-05-16
914,127,8,4,2025-03-25
915,65,15,2,2025-11-29
916,3,7,2,2025-03-09
917,449,8,3,2025-09-03
918,383,9,2,2025-06-13
919,106,20,1,2025-04-25
920,322,14,1,2025-12-02
921,104,18,1,2025-10-29
922,325,1,2,2025-10-13
923,433,10,2,2025-03-14
924,76,17,1,2025-03-20
925,116,12,1,2025-02-20
926,123,4,1,2025-11-19
927,36,9,1,2025-08-26
928,91,3,1,2025-09-25
929,159,1,4,2025-01-26
930,408,11,3,2025-09-22
931,6,19,1,2025-01-03
932,306,2,1,2025-08-11
933,120,5,1,2025-04-02
934,330,7,2,2025-10-13
935,270,7,1,2025-06-19
936,227,15,3,2025-07-19
937,196,18,3,2025-03-06
938,426,8,1,2025-12-19
939,451,1,1,2025-04-28
940,196,13,1,2025-04-05
941,470,20,1,2025-01-20
942,480,15,2,2025-10-05
943,30,14,1,2025-09-17
944,324,9,3,2025-03-10
945,141,7,1,2025-05-18
946,356,12,1,2025-08-28
947,238,13,1,2025-10-06
948,337,17,1,2025-04-09
949,326,4,1,2025-10-20
950,166,16,1,2025-06-15
951,342,4,1,2025-04-03
952,65,13,3,2025-09-09
953,63,9,3,2025-07-17
954,50,14,2,2025-01-16
955,254,16,2,2025-07-25
956,29,2,1,2025-10-11
957,9,7,1,2025-06-20
958,499,2,2,2025-01-24
959,203,13,2,2025-01-25
960,356,3,1,2025-11-10
961,169,1,2,2025-04-20
962,177,17,1,2025-02-15
963,242,7,1,2025-11-08
964,29,16,1,2025-12-01
965,389,20,4,2025-12-11
966,72,2,2,2025-09-18
967,33,14,1,2025-01-25
968,95,11,2,2025-01-28
969,149,20,2,2025-03-05
970,356,12,2,2025-12-26
971,171,1,3,2025-09-27
972,183,14,1,2025-01-02
973,313,19,1,2025-10-25
974,246,17,1,2025-03-05
975,496,2,2,2025-02-23
976,433,3,1,2025-02-22
977,146,4,1,2025-03-31
978,277,10,2,2025-09-13
979,380,8,2,2025-07-31
980,48,12,3,2025-02-26
981,269,16,3,2025-10-24
982,459,15,3,2025-08-26
983,425,9,1,2025-03-27
984,32,5,1,2025-02-09
985,314,8,2,2025-12-21
986,396,20,1,2025-08-04
987,427,15,1,2025-08-11
988,7,17,1,2025-04-13
989,418,6,2,2025-01-13
990,380,6,1,2025-09-11
991,395,17,2,2025-06-20
992,98,6,1,2025-08-25
993,85,9,1,2025-02-18
994,260,8,1,2025-02-06
995,8,3,4,2025-03-30
996,143,5,1,2025-05-10
997,329,18,2,2025-09-18
998,460,16,1,2025-04-20
999,442,12,1,2025-04-13
1000,401,13,1,2025-11-17
1001,61,20,2,2025-05-31
1002,136,19,1,2025-06-28
1003,138,17,1,2025-10-23
1004,155,6,1,2025-07-26
1005,3,2,2,2025-04-19
1006,36,1,1,2025-06-24
1007,32,5,1,2025-12-24
1008,382,7,1,2025-12-14
1009,470,20,2,2025-03-05
1010,321,14,2,2025-09-17
1011,278,17,1,2025-06-01
1012,267,3,1,2025-04-29
1013,318,14,1,2025-01-13
1014,138,3,1,2025-02-04
1015,420,13,2,2025-02-19
1016,211,1,1,2025-02-02
1017,232,8,2,2025-09-23
1018,290,11,1,2025-06-29
1019,6,20,2,2025-12-16
1020,249,18,1,2025-06-24
1021,68,19,1,2025-06-12
1022,128,18,2,2025-12-31
1023,168,1,1,2025-03-17
1024,13,10,1,2025-08-07
1025,59,19,3,2025-07-13
1026,274,16,1,2025-08-14
1027,243,2,2,2025-11-13
1028,51,2,1,2025-02-01
1029,164,1,1,2025-10-19
1030,354,3,2,2025-10-20
1031,101,17,1,2025-02-03
1032,425,18,1,2025-07-04
1033,34,19,1,2025-09-11
1034,14,2,1,2025-03-30
1035,94,8,1,2025-07-25
1036,442,17,1,2025-04-17
1037,94,7,2,2025-05-17
1038,79,4,1,2025-02-07
1039,226,14,2,2025-02-20
1040,295,18,1,2025-10-10
1041,446,1,1,2025-11-23
1042,20,1,1,2025-05-01
1043,150,8,2,2025-12-08
1044,241,12,2,2025-09-05
1045,431,7,1,2025-04-11
1046,293,18,1,2025-08-06
1047,345,7,2,2025-05-01
1048,324,8,1,2025-02-19
1049,2,18,1,2025-11-13
1050,428,1,1,2025-03-01
1051,363,9,1,2025-08-29
1052,458,11,4,2025-06-16
1053,17,6,3,2025-06-26
1054,462,14,1,2025-07-23
1055,282,14,1,2025-12-09
1056,473,11,1,2025-06-10
1057,440,3,2,2025-03-29
1058,488,13,2,2025-01-11
1059,432,19,1,2025-09-24
1060,56,2,2,2025-09-10
1061,426,2,2,2025-06-10
1062,262,10,3,2025-11-28
1063,409,17,1,2025-05-15
1064,126,18,1,2025-07-04
1065,395,14,1,2025-07-17
1066,256,11,1,2025-01-20
1067,309,5,2,2025-01-24
1068,394,15,3,2025-01-21
1069,142,18,1,2025-04-10
1070,330,3,1,2025-05-27
1071,177,11,1,2025-11-15
1072,440,14,2,2025-12-04
1073,364,12,2,2025-11-25
1074,493,9,1,2025-04-01
1075,76,12,1,2025-06-11
1076,162,9,2,2025-01-03
1077,158,6,1,2025-01-18
1078,21,18,3,2025-05-13
1079,75,7,2,2025-09-13
1080,379,6,2,2025-04-30
1081,19,14,2,2025-08-22
1082,1,1,4,2025-01-13
1083,318,16,3,2025-03-14
1084,452,1,2,2025-01-08
1085,129,10,2,2025-05-08
1086,4,8,2,2025-04-16
1087,46,16,2,2025-05-23
1088,151,10,4,2025-04-24
1089,408,9,1,2025-10-17
1090,277,10,2,2025-05-30
1091,345,9,2,2025-06-06
1092,455,4,2,2025-12-07
1093,142,9,2,2025-01-30
1094,420,19,2,2025-07-25
1095,100,15,2,2025-04-22
1096,374,16,1,2025-03-18
1097,148,12,1,2025-12-16
1098,428,11,1,2025-08-11
1099,286,17,2,2025-10-01
1100,380,7,3,2025-05-24
1101,451,9,2,2025-05-21
1102,1,13,2,2025-08-24
1103,15,12,1,2025-06-06
1104,405,13,1,2025-09-06
1105,260,20,2,2025-02-15
1106,494,5,3,2025-12-21
1107,446,16,2,2025-11-06
1108,87,2,2,2025-07-18
1109,264,11,3,2025-11-04
1110,55,12,1,2025-05-20
1111,496,9,1,2025-12-07
1112,77,8,1,2025-11-02
1113,243,1,1,2025-01-10
1114,237,1,2,2025-03-01
1115,150,16,1,2025-09-18
1116,297,17,1,2025-02-26
1117,171,18,1,2025-07-17
1118,443,9,1,2025-03-24
1119,327,10,1,2025-12-22
1120,499,4,3,2025-02-11
1121,230,18,2,2025-04-13
1122,173,3,1,2025-07-09
1123,20,16,1,2025-07-15
1124,463,11,1,2025-08-16
1125,261,15,1,2025-01-28
1126,453,18,4,2025-03-09
1127,161,17,3,2025-01-06
1128,242,12,1,2025-11-02
1129,90,16,1,2025-03-27
1130,154,18,1,2025-06-12
1131,300,8,2,2025-06-04
1132,129,15,1,2025-09-30
1133,23,16,2,2025-08-17
1134,201,12,3,2025-09-21
1135,450,17,1,2025-02-11
1136,243,15,1,2025-10-12
1137,223,17,1,2025-03-25
1138,403,10,1,2025-02-01
1139,238,20,3,2025-09-29
1140,442,7,1,2025-12-14
1141,341,6,1,2025-01-02
1142,251,20,3,2025-03-22
1143,387,1,1,2025-04-01
1144,124,13,1,2025-03-14
1145,179,14,1,2025-07-08
1146,308,1,2,2025-11-21
1147,288,14,1,2025-05-09
1148,80,17,4,2025-04-28
1149,254,13,1,2025-09-23
1150,226,3,2,2025-11-01
1151,171,12,3,2025-03-17
1152,337,19,1,2025-08-23
1153,102,3,4,2025-07-08
1154,300,16,2,2025-06-01
1155,153,2,2,2025-01-27
1156,109,6,1,2025-10-21
1157,323,6,1,2025-02-11
1158,408,14,1,2025-03-06
1159,336,16,1,2025-03-28
1160,195,6,3,2025-04-01
1161,382,6,1,2025-11-29
1162,155,11,1,2025-03-16
1163,437,2,1,2025-11-21
1164,209,14,1,2025-11-18
1165,111,5,3,2025-06-24
1166,446,5,1,2025-09-05
1167,126,9,1,2025-05-02
1168,65,20,2,2025-05-19
1169,442,8,2,2025-09-27
1170,149,1,2,2025-05-07
1171,393,18,1,2025-12-04
1172,286,6,1,2025-04-12
1173,31,15,1,2025-12-28
1174,213,15,1,2025-06-27
1175,381,2,1,2025-05-16
1176,477,13,1,2025-08-13
1177,343,1,2,2025-08-16
1178,47,16,2,2025-07-18
1179,496,9,1,2025-08-05
1180,24,10,1,2025-01-10
1181,373,18,1,2025-06-03
1182,288,20,1,2025-09-07
1183,41,4,1,2025-03-29
1184,336,17,2,2025-06-10
1185,359,18,2,2025-12-16
1186,497,12,3,2025-10-03
1187,449,17,2,2025-05-30
1188,401,17,1,2025-12-08
1189,83,13,1,2025-09-04
1190,426,3,2,2025-06-07
1191,390,16,4,2025-08-10
1192,125,12,2,2025-09-17
1193,273,19,3,2025-06-13
1194,287,14,1,2025-07-31
1195,365,20,1,2025-06-23
1196,363,20,1,2025-10-18
1197,323,5,1,2025-01-10
1198,429,17,1,2025-07-06
1199,56,15,1,2025-11-11
1200,439,16,1,2025-04-23
1201,429,2,1,2025-10-04
1202,226,4,1,2025-10-02
1203,187,7,1,2025-04-14
1204,140,1,1,2025-12-05
1205,76,20,1,2025-05-28
1206,45,7,1,2025-04-01
1207,213,16,1,2025-03-23
1208,169,5,2,2025-08-30
1209,328,19,4,2025-05-27
1210,341,14,2,2025-10-26
1211,178,10,2,2025-08-14
1212,40,17,4,2025-10-04
1213,331,2,2,2025-04-13
1214,467,9,1,2025-03-24
1215,345,19,4,2025-07-12
1216,64,19,2,2025-05-08
1217,7,5,1,2025-01-04
1218,12,17,2,2025-02-26
1219,60,14,2,2025-06-29
1220,390,13,1,2025-06-01
1221,66,1,1,2025-01-29
1222,157,11,1,2025-03-07
1223,26,4,2,2025-10-15
1224,315,13,2,2025-12-08
1225,469,12,1,2025-11-17
1226,283,5,1,2025-01-23
1227,156,8,1,2025-01-29
1228,140,3,2,2025-09-08
1229,317,16,2,2025-02-09
1230,270,12,2,2025-01-12
1231,184,11,1,2025-02-17
1232,164,17,2,2025-12-08
1233,307,10,2,2025-10-14
1234,207,12,1,2025-06-21
1235,40,9,2,2025-12-26
1236,20,16,1,2025-10-18
1237,179,14,2,2025-07-07
1238,327,2,4,2025-08-10
1239,445,11,2,2025-08-21
1240,353,11,1,2025-03-28
1241,265,9,1,2025-12-09
1242,184,17,2,2025-05-23
1243,132,5,2,2025-02-22
1244,219,14,1,2025-09-15
1245,8,10,1,2025-11-20
1246,338,1,3,2025-05-06
1247,278,7,2,2025-01-02
1248,129,4,1,2025-08-15
1249,71,8,1,2025-03-01
1250,56,17,4,2025-02-13
1251,321,9,1,2025-02-26
1252,477,3,1,2025-01-08
1253,179,15,3,2025-06-20
1254,357,18,4,2025-06-19
1255,114,1,4,2025-02-01
1256,425,17,1,2025-12-06
1257,257,3,2,2025-06-26
1258,258,15,3,2025-07-10
1259,475,13,1,2025-01-14
1260,201,18,1,2025-02-18
1261,215,3,2,2025-10-04
1262,353,5,1,2025-07-13
1263,253,14,2,2025-06-17
1264,441,11,2,2025-07-19
1265,79,11,1,2025-10-24
1266,433,6,1,2025-05-22
1267,90,7,1,2025-12-03
1268,273,8,1,2025-08-30
1269,245,5,3,2025-03-05
1270,174,6,1,2025-12-03
1271,158,12,1,2025-09-30
1272,415,2,3,2025-02-20
1273,327,11,2,2025-03-27
1274,256,15,1,2025-01-14
1275,35,6,1,2025-04-16
1276,325,9,1,2025-07-01
1277,180,2,1,2025-10-27
1278,96,7,1,2025-08-11
1279,107,18,1,2025-09-29
1280,46,18,1,2025-11-16
1281,58,9,4,2025-08-19
1282,473,16,1,2025-09-18
1283,24,12,4,2025-02-18
1284,474,14,1,2025-02-08
1285,170,7,1,2025-02-17
1286,348,20,1,2025-04-10
1287,168,2,1,2025-08-31
1288,80,4,1,2025-06-07
1289,315,20,1,2025-12-28
1290,261,15,1,2025-03-13
1291,313,5,1,2025-08-27
1292,70,14,2,2025-06-30
1293,186,2,1,2025-01-20
1294,291,5,1,2025-03-27
1295,110,2,1,2025-02-18
1296,234,2,4,2025-12-28
1297,441,20,1,2025-09-20
1298,41,17,1,2025-04-29
1299,122,1,1,2025-11-06
1300,227,15,1,2025-05-04
1301,323,15,1,2025-12-11
1302,426,9,1,2025-03-29
1303,284,4,1,2025-10-19
1304,77,9,2,2025-02-28
1305,144,6,1,2025-03-11
1306,465,12,2,2025-01-16
1307,127,11,1,2025-10-24
1308,227,20,2,2025-02-02
1309,448,5,1,2025-06-01
1310,158,9,2,2025-11-26
1311,127,19,2,2025-09-12
1312,332,13,3,2025-06-25
1313,195,11,1,2025-10-09
1314,321,5,1,2025-07-19
1315,31,8,1,2025-10-27
1316,424,11,2,2025-05-19
1317,448,9,2,2025-09-11
1318,68,14,1,2025-12-04
1319,262,6,1,2025-05-05
1320,133,7,2,2025-05-14
1321,221,19,2,2025-03-07
1322,274,10,2,2025-06-13
1323,159,17,1,2025-04-24
1324,477,3,2,2025-05-25
1325,243,20,2,2025-10-02
1326,81,9,1,2025-08-02
1327,68,16,1,2025-09-27
1328,348,17,1,2025-11-29
1329,385,8,2,2025-08-08
1330,210,20,1,2025-03-05
1331,408,9,2,2025-06-08
1332,287,2,1,2025-02-27
1333,84,8,1,2025-04-18
1334,365,3,1,2025-04-24
1335,441,19,1,2025-01-09
1336,309,4,1,2025-01-27
1337,239,3,2,2025-07-29
1338,418,9,1,2025-03-10
1339,101,7,2,2025-02-24
1340,311,7,3,2025-09-08
1341,220,6,2,2025-06-10
1342,280,10,3,2025-04-22
1343,338,2,2,2025-01-19
1344,364,12,1,2025-12-01
1345,158,7,2,2025-11-22
1346,386,13,2,2025-07-02
1347,160,6,2,2025-05-10
1348,433,20,1,2025-04-27
1349,351,20,2,2025-08-06
1350,444,9,4,2025-05-21
1351,306,4,1,2025-10-22
1352,240,12,3,2025-10-19
1353,319,15,2,2025-01-19
1354,214,3,1,2025-07-06
1355,172,1,1,2025-01-29
1356,428,16,2,2025-09-16
1357,318,8,1,2025-10-18
1358,17,2,1,2025-05-20
1359,214,6,1,2025-02-06
1360,346,16,1,2025-06-08
1361,493,5,1,2025-05-01
1362,220,10,2,2025-06-23
1363,27,1,3,2025-01-14
1364,36,14,1,2025-06-14
1365,333,11,1,2025-07-12
1366,431,7,2,2025-05-25
1367,17,5,1,2025-12-28
1368,203,8,1,2025-07-15
1369,443,20,2,2025-04-20
1370,498,6,2,2025-04-18
1371,65,12,2,2025-07-23
1372,493,19,3,2025-08-27
1373,92,15,1,2025-11-18
1374,350,7,3,2025-06-26
1375,485,17,1,2025-11-30
1376,67,4,1,2025-01-26
1377,118,2,2,2025-12-30
1378,277,13,1,2025-11-02
1379,496,11,1,2025-02-05
1380,443,14,1,2025-03-05
1381,342,5,2,2025-11-06
1382,53,2,2,2025-08-13
1383,458,16,1,2025-09-06
1384,31,11,1,2025-06-13
1385,382,14,1,2025-01-25
1386,225,6,2,2025-02-11
1387,43,4,2,2025-05-04
1388,36,4,2,2025-12-23
1389,235,4,1,2025-09-30
1390,168,10,1,2025-02-25
1391,284,18,2,2025-11-21
1392,89,20,1,2025-07-23
1393,373,20,1,2025-06-21
1394,367,8,1,2025-10-10
1395,279,4,1,2025-10-22
1396,435,10,2,2025-07-16
1397,318,16,2,2025-02-19
1398,239,10,2,2025-07-05
1399,211,6,3,2025-04-24
1400,11,20,2,2025-03-13
1401,138,7,1,2025-02-25
1402,94,10,2,2025-07-13
1403,338,2,1,2025-07-24
1404,233,11,1,2025-12-16
1405,290,20,3,2025-06-08
1406,142,11,2,2025-10-26
1407,354,11,1,2025-07-01
1408,408,12,2,2025-10-17
1409,254,20,1,2025-02-16
1410,404,15,1,2025-11-11
1411,439,1,1,2025-12-09
1412,429,18,2,2025-04-16
1413,484,1,1,2025-02-16
1414,308,16,3,2025-02-17
1415,467,4,3,2025-12-31
1416,109,12,2,2025-12-29
1417,99,2,1,2025-03-13
1418,38,16,2,2025-08-04
1419,206,9,1,2025-03-05
1420,295,20,2,2025-07-14
1421,411,10,2,2025-03-10
1422,499,7,1,2025-05-08
1423,102,3,2,2025-03-07
1424,173,16,2,2025-12-10
1425,13,11,2,2025-03-26
1426,130,16,1,2025-10-27
1427,223,13,3,2025-10-24
1428,394,1,1,2025-11-08
1429,295,17,2,2025-01-16
1430,310,14,1,2025-01-22
1431,446,12,1,2025-01-07
1432,371,8,3,2025-11-03
1433,471,3,3,2025-04-28
1434,34,18,2,2025-06-23
1435,340,2,1,2025-12-15
1436,13,16,2,2025-07-06
1437,448,3,1,2025-09-07
1438,285,2,2,2025-03-27
1439,172,19,2,2025-06-15
1440,439,15,2,2025-07-09
1441,279,4,1,2025-09-11
1442,328,12,3,2025-01-19
1443,120,14,4,2025-07-08
1444,157,14,2,2025-06-27
1445,356,5,1,2025-12-06
1446,330,18,2,2025-12-24
1447,299,3,1,2025-10-12
1448,295,9,1,2025-02-23
1449,19,6,1,2025-05-29
1450,257,2,2,2025-03-02
1451,106,4,2,2025-09-24
1452,98,15,1,2025-11-24
1453,480,11,1,2025-04-20
1454,113,5,2,2025-06-22
1455,256,19,1,2025-07-07
1456,78,17,2,2025-09-20
1457,269,5,2,2025-04-07
1458,260,5,1,2025-08-27
1459,274,9,1,2025-06-11
1460,379,7,2,2025-02-27
1461,341,16,2,2025-07-05
1462,10,12,1,2025-04-10
1463,453,12,3,2025-06-23
1464,188,8,1,2025-11-16
1465,247,8,1,2025-09-18
1466,372,5,1,2025-02-24
1467,471,16,1,2025-12-09
1468,7,6,1,2025-01-01
1469,144,7,1,2025-07-07
1470,307,5,2,2025-03-25
1471,128,8,1,2025-07-27
1472,70,3,1,2025-03-28
1473,481,7,3,2025-10-20
1474,416,3,2,2025-05-16
1475,3,12,2,2025-05-21
1476,119,7,1,2025-04-19
1477,229,1,1,2025-02-25
1478,439,14,1,2025-11-29
1479,453,10,1,2025-06-30
1480,245,6,1,2025-07-22
1481,66,17,4,2025-08-09
1482,327,18,1,2025-08-30
1483,118,7,1,2025-09-03
1484,293,7,2,2025-01-17
1485,366,9,1,2025-05-11
1486,164,5,1,2025-12-20
1487,433,4,1,2025-05-12
1488,330,20,1,2025-12-29
1489,47,19,1,2025-01-07
1490,324,2,1,2025-01-15
1491,57,14,1,2025-11-25
1492,119,13,4,2025-10-30
1493,225,10,2,2025-11-14
1494,396,15,3,2025-03-30
1495,309,6,2,2025-03-07
1496,57,16,1,2025-04-16
1497,499,11,3,2025-03-19
1498,499,15,1,2025-02-09
1499,9,8,1,2025-01-09
1500,247,5,2,2025-11-09
1501,223,1,1,2025-10-09
1502,310,16,1,2025-06-18
1503,230,8,1,2025-11-10
1504,94,8,1,2025-10-04
1505,376,12,1,2025-11-10
1506,439,20,1,2025-02-14
1507,115,7,1,2025-11-12
1508,150,13,1,2025-10-06
1509,367,2,1,2025-12-16
1510,387,19,2,2025-11-07
1511,16,12,2,2025-12-19
1512,341,17,2,2025-03-27
1513,338,16,1,2025-08-12
1514,327,18,1,2025-06-25
1515,58,2,2,2025-06-02
1516,433,15,1,2025-02-21
1517,461,1,1,2025-05-31
1518,495,14,1,2025-06-30
1519,263,6,4,2025-03-17
1520,127,3,1,2025-09-22
1521,110,2,2,2025-03-27
1522,1,10,1,2025-09-04
1523,78,15,2,2025-07-09
1524,363,8,2,2025-01-09
1525,324,20,1,2025-01-04
1526,138,18,1,2025-10-24
1527,282,14,2,2025-03-19
1528,19,13,2,2025-07-22
1529,251,7,3,2025-10-29
1530,82,15,2,2025-05-13
1531,422,4,2,2025-12-01
1532,40,17,1,2025-06-28
1533,341,14,2,2025-12-12
1534,425,15,2,2025-12-25
1535,272,16,1,2025-06-05
1536,457,2,3,2025-08-23
1537,426,5,1,2025-12-21
1538,365,1,1,2025-03-15
1539,67,20,1,2025-03-20
1540,91,19,1,2025-05-01
1541,228,13,3,2025-08-23
1542,494,8,2,2025-08-26
1543,373,7,3,2025-11-23
1544,109,15,4,2025-02-08
1545,77,18,1,2025-01-27
1546,338,15,1,2025-06-20
1547,276,6,1,2025-06-23
1548,275,12,1,2025-06-13
1549,142,5,3,2025-10-02
1550,320,19,1,2025-11-25
1551,318,13,2,2025-11-14
1552,166,10,1,2025-03-13
1553,183,6,1,2025-08-16
1554,163,11,2,2025-04-10
1555,481,2,1,2025-01-25
1556,345,4,1,2025-03-06
1557,274,5,1,2025-01-06
1558,237,9,1,2025-01-15
1559,286,20,3,2025-03-12
1560,108,16,1,2025-04-24
1561,101,17,2,2025-06-15
1562,64,14,1,2025-02-15
1563,396,18,3,2025-02-10
1564,54,20,1,2025-07-29
1565,145,14,3,2025-05-29
1566,228,4,2,2025-01-31
1567,53,9,2,2025-12-09
1568,171,8,1,2025-11-16
1569,343,4,1,2025-12-29
1570,18,18,2,2025-04-13
1571,340,3,1,2025-05-30
1572,67,15,3,2025-01-29
1573,359,19,1,2025-05-05
1574,381,7,4,2025-09-27
1575,165,7,1,2025-04-13
1576,227,9,2,2025-11-09
1577,3,10,1,2025-06-05
1578,364,16,1,2025-11-08
1579,192,14,1,2025-03-03
1580,240,5,2,2025-07-11
1581,240,20,1,2025-10-06
1582,172,18,1,2025-05-17
1583,422,6,1,2025-07-02
1584,214,9,1,2025-03-03
1585,236,16,1,2025-04-06
1586,306,9,2,2025-11-25
1587,32,4,1,2025-06-03
1588,296,2,1,2025-07-04
1589,210,9,1,2025-09-30
1590,134,20,1,2025-08-12
1591,384,7,2,2025-04-02
1592,130,2,1,2025-08-09
1593,81,7,3,2025-02-15
1594,172,13,3,2025-03-28
1595,191,15,2,2025-03-10
1596,25,7,2,2025-02-17
1597,295,5,1,2025-06-16
1598,390,8,1,2025-04-15
1599,113,1,1,2025-08-01
1600,309,8,1,2025-11-14
1601,461,4,1,2025-01-11
1602,183,4,3,2025-06-26
1603,107,11,1,2025-08-19
1604,495,9,3,2025-01-24
1605,162,11,1,2025-06-25
1606,461,17,1,2025-07-05
1607,339,6,2,2025-02-01
1608,285,15,2,2025-03-20
1609,23,13,1,2025-08-25
1610,3,1,1,2025-06-13
1611,395,2,1,2025-06-20
1612,41,16,2,2025-04-11
1613,276,7,4,2025-12-03
1614,459,5,4,2025-08-02
1615,476,18,1,2025-09-17
1616,375,8,2,2025-02-19
1617,228,10,1,2025-10-03
1618,138,19,1,2025-12-15
1619,117,4,1,2025-06-12
1620,240,14,2,2025-11-04
1621,284,9,1,2025-06-07
1622,24,7,2,2025-06-18
1623,484,15,1,2025-09-24
1624,298,10,2,2025-06-09
1625,90,11,2,2025-11-12
1626,254,8,1,2025-12-10
1627,15,1,1,2025-09-21
1628,251,20,2,2025-07-17
1629,180,15,1,2025-06-22
1630,333,8,1,2025-09-14
1631,148,9,1,2025-12-22
1632,207,17,3,2025-10-15
1633,93,12,1,2025-01-15
1634,342,13,1,2025-09-28
1635,339,17,1,2025-05-27
1636,6,17,1,2025-02-14
1637,8,18,1,2025-08-25
1638,138,14,1,2025-06-06
1639,4,7,1,2025-02-13
1640,328,9,2,2025-02-19
1641,18,5,2,2025-01-28
1642,403,7,1,2025-02-15
1643,65,19,1,2025-09-08
1644,316,13,1,2025-01-09
1645,404,11,3,2025-04-14
1646,136,19,2,2025-10-10
1647,456,3,1,2025-05-26
1648,119,5,2,2025-06-11
1649,175,9,1,2025-07-10
1650,348,5,1,2025-08-02
1651,146,12,1,2025-07-29
1652,341,7,1,2025-05-22
1653,300,3,2,2025-10-05
1654,302,8,3,2025-05-05
1655,64,17,1,2025-02-09
1656,348,17,4,2025-05-24
1657,162,5,1,2025-06-22
1658,222,11,2,2025-04-09
1659,101,10,1,2025-12-27
1660,254,13,2,2025-11-21
1661,357,10,1,2025-11-22
1662,90,18,2,2025-11-17
1663,495,12,3,2025-07-07
1664,61,5,1,2025-09-07
1665,400,3,1,2025-01-15
1666,194,19,1,2025-12-10
1667,33,17,2,2025-02-13
1668,334,12,1,2025-12-02
1669,495,8,1,2025-09-23
1670,138,12,1,2025-11-18
1671,96,7,1,2025-08-28
1672,243,7,1,2025-09-19
1673,265,16,2,2025-08-30
1674,394,6,2,2025-04-02
1675,323,4,1,2025-11-17
1676,363,20,1,2025-08-19
1677,200,18,1,2025-03-31
1678,298,13,1,2025-12-26
1679,278,17,2,2025-06-23
1680,392,17,2,2025-08-28
1681,291,5,2,2025-08-14
1682,119,18,1,2025-12-24
1683,470,5,3,2025-07-10
1684,122,2,2,2025-05-12
1685,112,4,1,2025-01-24
1686,244,12,1,2025-03-30
1687,172,1,1,2025-01-08
1688,160,12,2,2025-01-12
1689,287,13,1,2025-03-03
1690,159,14,2,2025-11-15
1691,206,9,1,2025-07-07
1692,105,16,3,2025-10-24
1693,54,19,1,2025-08-26
1694,156,16,1,2025-02-28
1695,100,7,2,2025-07-22
1696,95,5,1,2025-12-02
1697,227,1,3,2025-04-08
1698,352,10,2,2025-05-10
1699,160,5,1,2025-12-17
1700,236,20,2,2025-05-09
1701,170,5,2,2025-04-06
1702,384,13,1,2025-03-02
1703,327,9,2,2025-09-08
1704,326,17,1,2025-09-14
1705,102,5,1,2025-01-29
1706,103,20,1,2025-09-23
1707,33,6,1,2025-10-14
1708,244,10,1,2025-08-08
1709,298,19,2,2025-07-15
1710,440,10,2,2025-08-18
1711,164,13,1,2025-06-06
1712,162,15,1,2025-08-05
1713,56,1,3,2025-01-25
1714,24,16,2,2025-07-11
1715,119,4,3,2025-10-08
1716,96,12,2,2025-11-19
1717,65,5,1,2025-03-05
1718,159,12,1,2025-05-26
1719,76,20,1,2025-10-23
1720,416,20,4,2025-02-28
1721,404,5,1,2025-06-28
1722,280,16,2,2025-02-13
1723,275,6,1,2025-09-14
1724,275,20,1,2025-08-08
1725,280,4,1,2025-11-27
1726,152,9,3,2025-02-22
1727,142,11,2,2025-01-16
1728,179,8,1,2025-04-11
1729,189,6,1,2025-03-25
1730,227,19,4,2025-07-04
1731,307,5,1,2025-06-23
1732,75,3,2,2025-05-08
1733,421,4,2,2025-06-08
1734,209,8,3,2025-01-19
1735,41,9,2,2025-12-27
1736,209,15,1,2025-12-09
1737,409,9,2,2025-11-01
1738,172,10,4,2025-05-13
1739,12,12,2,2025-11-25
1740,322,13,3,2025-10-30
1741,116,12,1,2025-09-04
1742,12,18,2,2025-08-13
1743,110,10,1,2025-10-28
1744,145,12,2,2025-07-06
1745,175,4,2,2025-10-01
1746,377,7,1,2025-12-08
1747,13,19,2,2025-10-24
1748,384,19,1,2025-01-20
1749,349,13,1,2025-02-08
1750,216,6,2,2025-07-22
1751,292,1,1,2025-02-15
1752,107,16,4,2025-12-01
1753,91,6,1,2025-08-29
1754,110,7,3,2025-06-24
1755,487,11,1,2025-03-27
1756,20,18,2,2025-03-24
1757,357,13,2,2025-07-24
1758,160,15,1,2025-12-06
1759,162,17,3,2025-10-10
1760,242,12,1,2025-11-23
1761,26,14,1,2025-12-25
1762,237,14,1,2025-03-21
1763,178,1,1,2025-07-12
1764,295,7,1,2025-06-16
1765,490,20,3,2025-07-02
1766,63,18,2,2025-06-01
1767,155,15,1,2025-04-19
1768,374,5,1,2025-02-15
1769,321,15,2,2025-09-16
1770,419,19,1,2025-01-18
1771,446,1,1,2025-08-09
1772,3,1,1,2025-07-04
1773,223,14,1,2025-08-03
1774,2,5,1,2025-09-03
1775,63,18,1,2025-09-24
1776,266,10,2,2025-11-23
1777,373,13,2,2025-09-29
1778,62,4,3,2025-09-04
1779,55,20,1,2025-04-08
1780,173,15,1,2025-10-02
1781,497,6,1,2025-11-01
1782,86,6,1,2025-06-17
1783,321,1,1,2025-05-02
1784,465,4,1,2025-01-27
1785,450,10,1,2025-02-21
1786,482,16,1,2025-11-29
1787,289,9,1,2025-08-11
1788,19,7,1,2025-04-17
1789,248,3,2,2025-11-15
1790,50,9,1,2025-02-07
1791,400,9,1,2025-01-20
1792,3,8,1,2025-03-12
1793,488,17,3,2025-03-16
1794,203,7,2,2025-05-28
1795,298,13,1,2025-05-25
1796,54,15,2,2025-06-09
1797,137,3,1,2025-02-09
1798,153,19,1,2025-04-06
1799,431,14,1,2025-06-02
1800,101,11,2,2025-02-07
1801,47,10,1,2025-05-23
1802,130,1,2,2025-10-21
1803,294,18,2,2025-05-09
1804,212,17,1,2025-06-05
1805,496,14,2,2025-05-27
1806,78,18,1,2025-11-20
1807,129,1,1,2025-11-22
1808,435,3,1,2025-12-01
1809,237,20,3,2025-08-06
1810,413,18,1,2025-11-10
1811,493,16,2,2025-12-06
1812,360,15,2,2025-03-06
1813,381,20,1,2025-12-20
1814,494,4,1,2025-05-19
1815,392,3,2,2025-08-10
1816,278,18,2,2025-04-23
1817,370,7,1,2025-07-17
1818,432,8,2,2025-09-01
1819,495,12,4,2025-08-24
1820,121,7,1,2025-04-06
1821,370,12,2,2025-10-02
1822,363,11,1,2025-05-03
1823,180,13,4,2025-08-02
1824,148,20,1,2025-03-09
1825,190,9,1,2025-12-22
1826,174,6,1,2025-08-21
1827,68,8,1,2025-01-29
1828,459,1,1,2025-05-29
1829,248,2,2,2025-11-07
1830,432,8,1,2025-01-16
1831,267,3,2,2025-04-03
1832,461,16,1,2025-06-09
1833,293,16,2,2025-04-14
1834,124,9,1,2025-02-28
1835,141,16,2,2025-09-20
1836,333,6,1,2025-10-30
1837,438,7,1,2025-08-13
1838,435,15,1,2025-08-01
1839,189,2,2,2025-10-02
1840,375,3,1,2025-09-01
1841,239,19,2,2025-07-13
1842,329,13,3,2025-08-26
1843,148,19,2,2025-04-30
1844,209,14,2,2025-05-13
1845,208,13,1,2025-11-06
1846,72,16,3,2025-11-25
1847,214,20,1,2025-05-22
1848,393,1,1,2025-10-30
1849,299,3,4,2025-10-28
1850,16,12,2,2025-08-07
1851,261,14,1,2025-09-26
1852,361,4,2,2025-03-20
1853,101,5,2,2025-11-26
1854,392,20,1,2025-03-10
1855,28,16,1,2025-03-14
1856,96,9,3,2025-06-16
1857,107,12,1,2025-10-29
1858,490,1,1,2025-06-19
1859,309,9,1,2025-04-20
1860,163,8,1,2025-09-09
1861,259,14,1,2025-08-17
1862,193,15,2,2025-02-23
1863,197,15,1,2025-02-28
1864,82,16,2,2025-03-24
1865,449,6,2,2025-09-08
1866,166,12,2,2025-03-10
1867,150,10,1,2025-02-16
1868,480,10,1,2025-02-23
1869,492,8,1,2025-10-06
1870,393,1,3,2025-01-03
1871,67,13,4,2025-04-19
1872,409,13,2,2025-12-05
1873,13,8,1,2025-10-24
1874,330,7,2,2025-06-05
1875,134,2,2,2025-06-24
1876,103,1,1,2025-12-11
1877,37,3,2,2025-02-28
1878,410,1,4,2025-09-27
1879,238,6,2,2025-05-28
1880,177,15,1,2025-07-16
1881,33,1,2,2025-07-07
1882,374,18,3,2025-03-05
1883,308,11,1,2025-01-07
1884,323,9,1,2025-03-12
1885,321,14,1,2025-01-16
1886,54,16,1,2025-09-28
1887,160,17,2,2025-06-19
1888,71,19,1,2025-07-09
1889,186,13,1,2025-08-09
1890,473,16,2,2025-03-17
1891,29,3,1,2025-02-05
1892,226,11,4,2025-07-29
1893,380,1,1,2025-05-25
1894,176,19,3,2025-05-14
1895,131,19,3,2025-10-27
1896,72,13,2,2025-05-31
1897,251,7,2,2025-11-20
1898,119,17,3,2025-04-29
1899,178,6,4,2025-04-24
1900,154,5,1,2025-01-09
1901,425,4,1,2025-08-12
1902,57,10,3,2025-08-17
1903,265,8,1,2025-06-23
1904,201,18,2,2025-10-14
1905,228,3,1,2025-02-01
1906,235,15,1,2025-04-30
1907,103,20,1,2025-06-26
1908,97,9,2,2025-02-23
1909,317,9,1,2025-03-20
1910,215,10,1,2025-09-03
1911,427,19,1,2025-02-20
1912,100,3,2,2025-12-15
1913,365,7,2,2025-10-25
1914,260,17,2,2025-05-07
1915,189,16,1,2025-03-21
1916,304,10,1,2025-05-15
1917,47,20,1,2025-01-06
1918,300,9,2,2025-08-07
1919,289,6,4,2025-09-16
1920,311,16,1,2025-09-02
1921,445,6,1,2025-05-01
1922,176,13,2,2025-03-06
1923,143,18,1,2025-07-24
1924,167,7,1,2025-09-02
1925,130,19,1,2025-08-18
1926,51,6,3,2025-03-05
1927,378,5,2,2025-11-14
1928,79,15,3,2025-03-12
1929,32,3,1,2025-09-08
1930,251,7,1,2025-11-11
1931,3,3,4,2025-08-06
1932,339,5,2,2025-11-07
1933,235,14,1,2025-08-05
1934,163,20,2,2025-09-19
1935,225,20,2,2025-01-26
1936,148,12,2,2025-06-28
1937,206,9,2,2025-04-11
1938,293,12,2,2025-01-04
1939,122,13,3,2025-01-13
1940,207,4,1,2025-07-29
1941,492,11,1,2025-04-16
1942,449,10,1,2025-11-29
1943,215,12,1,2025-06-23
1944,299,12,2,2025-06-06
1945,303,1,2,2025-10-14
1946,144,19,2,2025-08-26
1947,436,5,1,2025-01-31
1948,418,20,1,2025-08-10
1949,317,9,1,2025-07-18
1950,321,4,1,2025-08-13
1951,440,13,2,2025-08-14
1952,385,2,1,2025-01-22
1953,120,9,1,2025-12-22
1954,211,4,1,2025-01-26
1955,210,14,1,2025-02-09
1956,356,10,2,2025-01-18
1957,85,8,2,2025-08-19
1958,392,2,2,2025-05-18
1959,411,5,2,2025-10-28
1960,41,20,1,2025-06-08
1961,493,18,1,2025-09-25
1962,296,4,1,2025-05-12
1963,481,5,3,2025-10-18
1964,400,4,2,2025-02-18
1965,371,9,1,2025-04-17
1966,265,3,1,2025-02-17
1967,497,14,1,2025-08-07
1968,446,8,2,2025-08-28
1969,485,13,3,2025-09-07
1970,181,13,1,2025-07-20
1971,312,19,1,2025-12-27
1972,290,6,1,2025-10-03
1973,420,18,1,2025-11-12
1974,87,15,1,2025-08-02
1975,417,1,1,2025-08-23
1976,98,20,3,2025-10-08
1977,126,11,1,2025-03-30
1978,268,11,2,2025-11-09
1979,3,6,1,2025-08-02
1980,451,14,1,2025-11-08
1981,173,17,1,2025-11-01
1982,32,20,1,2025-10-04
1983,45,9,3,2025-06-13
1984,420,16,2,2025-01-22
1985,272,16,2,2025-04-27
1986,492,20,1,2025-09-08
1987,201,4,2,2025-03-23
1988,499,3,1,2025-02-05
1989,368,16,1,2025-04-23
1990,35,14,2,2025-11-21
1991,388,18,2,2025-12-30
1992,162,9,1,2025-11-27
1993,77,6,3,2025-02-19
1994,341,16,1,2025-11-23
1995,245,20,2,2025-12-18
1996,335,2,1,2025-11-30
1997,120,15,2,2025-11-12
1998,394,7,2,2025-11-24
1999,254,2,1,2025-12-08
2000,477,9,4,2025-12-20
2001,116,1,1,2025-04-17
2002,380,7,1,2025-10-02
2003,163,13,1,2025-10-01
2004,247,9,1,2025-03-29
2005,341,2,3,2025-05-06
2006,373,7,1,2025-12-07
2007,343,9,1,2025-11-02
2008,309,13,2,2025-05-09
2009,408,17,3,2025-11-04
2010,122,20,1,2025-07-12
2011,183,1,2,2025-09-01
2012,275,8,1,2025-09-22
2013,192,20,4,2025-03-08
2014,233,3,1,2025-11-13
2015,46,15,3,2025-12-21
2016,408,16,1,2025-10-24
2017,380,17,2,2025-05-04
2018,67,4,2,2025-02-11
2019,52,13,1,2025-08-10
2020,454,11,1,2025-08-29
2021,446,9,2,2025-09-08
2022,381,15,1,2025-07-25
2023,170,15,2,2025-10-09
2024,416,8,2,2025-01-23
2025,408,11,1,2025-08-24
2026,340,11,1,2025-09-19
2027,302,16,1,2025-06-02
2028,101,7,1,2025-05-09
2029,253,14,2,2025-06-24
2030,361,3,1,2025-03-05
2031,249,4,2,2025-09-23
2032,125,7,2,2025-07-11
2033,196,14,1,2025-10-28
2034,167,7,1,2025-08-27
2035,116,2,3,2025-11-20
2036,257,18,1,2025-06-22
2037,137,8,1,2025-08-12
2038,136,13,1,2025-07-27
2039,53,18,3,2025-11-16
2040,110,15,2,2025-02-06
2041,341,20,3,2025-02-06
2042,12,20,1,2025-04-02
2043,312,17,2,2025-08-30
2044,257,9,1,2025-07-22
2045,236,13,1,2025-04-15
2046,324,14,2,2025-09-26
2047,290,7,2,2025-06-21
2048,358,3,1,2025-02-16
2049,304,13,1,2025-07-30
2050,60,10,1,2025-02-26
2051,56,10,2,2025-06-10
2052,89,1,1,2025-09-18
2053,103,7,1,2025-06-30
2054,393,15,1,2025-12-17
2055,191,1,1,2025-06-24
2056,80,15,1,2025-11-04
2057,59,20,2,2025-04-28
2058,259,11,1,2025-11-06
2059,350,16,1,2025-02-21
2060,421,9,1,2025-07-13
2061,103,17,1,2025-09-14
2062,70,16,1,2025-10-19
2063,134,18,2,2025-02-19
2064,312,12,1,2025-04-17
2065,360,20,1,2025-07-21
2066,265,12,1,2025-04-10
2067,279,12,2,2025-11-19
2068,389,16,1,2025-11-14
2069,267,10,1,2025-02-20
2070,374,17,2,2025-04-21
2071,239,4,2,2025-09-24
2072,409,13,1,2025-11-17
2073,58,20,1,2025-11-08
2074,155,12,1,2025-04-02
2075,115,12,1,2025-07-27
2076,197,13,2,2025-08-28
2077,115,14,2,2025-10-19
2078,74,8,1,2025-10-25
2079,236,6,1,2025-07-16
2080,334,11,2,2025-05-15
2081,455,7,1,2025-07-05
2082,229,17,1,2025-01-17
2083,106,13,1,2025-02-01
2084,38,9,1,2025-09-01
2085,431,1,1,2025-12-26
2086,249,4,2,2025-04-24
2087,112,5,2,2025-02-20
2088,144,7,2,2025-08-15
2089,149,8,1,2025-09-27
2090,268,10,4,2025-12-30
2091,341,5,2,2025-05-13
2092,173,17,2,2025-02-28
2093,454,11,1,2025-04-02
2094,414,13,2,2025-05-03
2095,340,8,1,2025-05-28
2096,190,11,1,2025-12-13
2097,324,3,2,2025-09-07
2098,482,10,2,2025-11-28
2099,46,8,2,2025-12-08
2100,408,2,2,2025-11-11
2101,254,10,1,2025-08-06
2102,285,12,1,2025-02-27
2103,73,10,2,2025-12-25
2104,428,8,3,2025-10-13
2105,194,16,2,2025-12-02
2106,6,4,1,2025-08-17
2107,360,2,1,2025-06-12
2108,412,11,3,2025-09-29
2109,232,20,3,2025-09-25
2110,67,13,2,2025-11-17
2111,53,18,1,2025-09-23
2112,59,12,1,2025-12-04
2113,212,8,1,2025-04-05
2114,63,6,4,2025-01-08
2115,184,18,3,2025-03-05
2116,143,15,1,2025-03-22
2117,202,10,1,2025-10-02
2118,390,17,1,2025-12-30
2119,234,8,1,2025-07-29
2120,49,7,1,2025-04-08
2121,359,9,1,2025-01-20
2122,425,16,1,2025-03-24
2123,183,1,1,2025-08-29
2124,286,5,3,2025-10-22
2125,371,13,1,2025-04-13
2126,78,19,1,2025-05-27
2127,478,18,1,2025-10-17
2128,114,1,1,2025-04-16
2129,167,19,1,2025-06-04
2130,7,1,2,2025-03-08
2131,62,11,2,2025-08-27
2132,179,18,3,2025-01-26
2133,35,4,1,2025-02-12
2134,287,14,1,2025-01-31
2135,344,17,1,2025-02-09
2136,121,18,2,2025-05-08
2137,342,2,1,2025-01-19
2138,309,3,4,2025-08-10
2139,363,8,1,2025-01-21
2140,269,1,1,2025-08-21
2141,268,12,1,2025-07-19
2142,423,6,1,2025-11-01
2143,442,20,4,2025-01-01
2144,65,1,2,2025-05-15
2145,309,2,1,2025-06-24
2146,131,5,1,2025-12-14
2147,37,16,1,2025-09-01
2148,66,11,1,2025-11-12
2149,115,2,1,2025-02-18
2150,344,4,1,2025-05-05
2151,124,7,1,2025-12-21
2152,3,19,1,2025-07-15
2153,52,6,2,2025-04-24
2154,363,6,1,2025-04-07
2155,419,5,4,2025-08-27
2156,96,18,1,2025-03-08
2157,346,4,1,2025-10-13
2158,48,10,2,2025-08-22
2159,345,14,2,2025-09-25
2160,164,15,2,2025-12-02
2161,384,17,2,2025-03-14
2162,180,19,1,2025-04-14
2163,105,2,1,2025-07-06
2164,22,6,3,2025-01-02
2165,77,14,2,2025-12-03
2166,171,4,3,2025-07-28
2167,425,14,2,2025-09-26
2168,231,20,2,2025-05-07
2169,332,20,1,2025-07-25
2170,197,16,1,2025-06-06
2171,113,20,2,2025-08-04
2172,180,20,1,2025-05-16
2173,12,1,1,2025-05-22
2174,406,13,1,2025-08-30
2175,45,15,2,2025-02-17
2176,132,15,2,2025-08-16
2177,24,17,1,2025-11-17
2178,98,11,1,2025-06-27
2179,54,9,2,2025-08-10
2180,75,20,4,2025-06-17
2181,26,11,1,2025-04-24
2182,280,10,1,2025-03-09
2183,422,14,1,2025-01-29
2184,145,19,2,2025-01-12
2185,261,1,2,2025-05-06
2186,191,13,1,2025-08-07
2187,139,4,1,2025-05-07
2188,348,8,1,2025-03-13
2189,203,9,1,2025-04-11
2190,283,1,1,2025-02-23
2191,327,3,1,2025-02-26
2192,156,5,1,2025-06-15
2193,231,19,1,2025-12-18
2194,410,17,1,2025-03-24
2195,49,2,1,2025-10-29
2196,335,2,2,2025-11-02
2197,483,13,1,2025-06-05
2198,19,4,1,2025-10-16
2199,253,2,3,2025-08-19
2200,482,8,1,2025-08-13
2201,88,17,1,2025-06-19
2202,215,7,3,2025-05-11
2203,291,19,2,2025-10-29
2204,56,19,1,2025-06-26
2205,48,18,1,2025-08-29
2206,28,10,1,2025-09-15
2207,185,17,1,2025-02-27
2208,401,10,1,2025-01-14
2209,408,10,1,2025-08-14
2210,297,17,1,2025-01-10
2211,198,15,1,2025-08-28
2212,329,4,1,2025-10-01
2213,196,16,1,2025-10-04
2214,195,10,2,2025-02-01
2215,98,12,1,2025-03-18
2216,485,6,3,2025-05-03
2217,251,15,3,2025-11-09
2218,454,19,1,2025-12-28
2219,57,16,2,2025-12-08
2220,323,16,4,2025-04-12
2221,409,5,1,2025-11-05
2222,261,13,2,2025-03-01
2223,422,2,2,2025-06-13
2224,425,2,2,2025-05-08
2225,429,4,2,2025-01-16
2226,477,18,2,2025-02-25
2227,6,11,1,2025-05-08
2228,354,18,2,2025-06-28
2229,493,5,1,2025-09-26
2230,433,6,2,2025-02-10
2231,188,4,2,2025-09-30
2232,290,6,1,2025-05-28
2233,226,9,4,2025-04-08
2234,255,10,2,2025-06-21
2235,434,8,1,2025-07-24
2236,169,10,2,2025-02-25
2237,264,18,3,2025-02-03
2238,441,7,1,2025-06-14
2239,439,13,4,2025-06-03
2240,364,11,2,2025-06-30
2241,456,16,3,2025-02-07
2242,382,8,1,2025-06-08
2243,442,10,1,2025-06-03
2244,472,3,1,2025-07-05
2245,284,7,2,2025-12-02
2246,261,9,3,2025-02-17
2247,451,8,1,2025-03-27
2248,103,8,2,2025-07-21
2249,229,18,1,2025-04-24
2250,487,7,1,2025-09-14
2251,322,5,1,2025-09-03
2252,438,6,1,2025-04-17
2253,257,15,3,2025-05-14
2254,330,9,1,2025-10-02
2255,94,18,1,2025-02-22
2256,65,19,1,2025-12-23
2257,210,3,2,2025-12-26
2258,160,4,2,2025-02-18
2259,34,16,2,2025-06-19
2260,78,1,2,2025-07-23
2261,439,4,1,2025-02-08
2262,2,2,1,2025-07-11
2263,59,15,4,2025-02-10
2264,105,10,1,2025-08-25
2265,211,1,2,2025-07-12
2266,218,10,1,2025-12-12
2267,466,4,1,2025-04-27
2268,102,3,2,2025-11-17
2269,60,7,1,2025-09-11
2270,335,9,1,2025-10-13
2271,457,1,1,2025-03-26
2272,198,3,1,2025-06-20
2273,464,9,1,2025-04-26
2274,55,12,2,2025-12-01
2275,322,8,1,2025-11-14
2276,158,18,2,2025-11-08
2277,374,10,3,2025-08-17
2278,419,17,1,2025-10-24
2279,10,4,2,2025-07-06
2280,235,1,2,2025-09-07
2281,57,6,1,2025-12-04
2282,246,9,2,2025-04-10
2283,493,15,1,2025-02-06
2284,362,17,2,2025-07-06
2285,461,5,2,2025-05-02
2286,358,15,2,2025-04-08
2287,204,18,1,2025-11-10
2288,368,13,3,2025-12-15
2289,400,9,2,2025-10-07
2290,496,14,1,2025-07-27
2291,4,1,2,2025-04-05
2292,212,10,1,2025-04-01
2293,348,16,1,2025-12-28
2294,435,16,4,2025-09-26
2295,368,18,1,2025-01-06
2296,330,10,4,2025-01-08
2297,182,6,2,2025-05-02
2298,425,12,2,2025-02-28
2299,45,1,1,2025-04-03
2300,237,4,2,2025-05-17
2301,337,19,1,2025-04-07
2302,290,11,2,2025-11-17
2303,100,1,3,2025-04-02
2304,24,14,2,2025-08-03
2305,381,16,1,2025-10-12
2306,90,5,1,2025-10-02
2307,7,10,2,2025-11-27
2308,326,16,1,2025-03-18
2309,33,20,1,2025-05-11
2310,23,19,1,2025-03-22
2311,72,20,1,2025-04-09
2312,14,1,1,2025-07-07
2313,146,6,4,2025-04-23
2314,353,16,1,2025-01-19
2315,254,4,1,2025-12-12
2316,294,1,2,2025-07-04
2317,137,18,1,2025-02-26
2318,462,15,1,2025-07-09
2319,36,17,1,2025-01-19
2320,280,1,1,2025-09-21
2321,148,18,1,2025-01-31
2322,420,19,1,2025-01-29
2323,70,8,3,2025-09-13
2324,73,12,1,2025-11-16
2325,65,10,1,2025-02-09
2326,60,11,1,2025-12-11
2327,466,14,2,2025-10-06
2328,251,13,3,2025-08-14
2329,148,14,1,2025-11-25
2330,323,6,1,2025-08-10
2331,115,13,1,2025-12-09
2332,379,9,4,2025-12-20
2333,177,17,2,2025-08-11
2334,375,5,1,2025-03-06
2335,372,6,1,2025-01-12
2336,484,18,1,2025-11-12
2337,338,6,2,2025-05-29
2338,218,7,4,2025-10-21
2339,386,7,1,2025-11-24
2340,134,9,1,2025-02-04
2341,276,1,1,2025-12-31
2342,136,8,2,2025-02-28
2343,40,3,3,2025-02-10
2344,111,11,1,2025-02-09
2345,250,15,1,2025-06-04
2346,255,4,4,2025-02-10
2347,362,3,1,2025-03-08
2348,426,19,1,2025-03-31
2349,292,17,1,2025-04-01
2350,2,1,1,2025-06-06
2351,101,19,2,2025-07-10
2352,292,8,2,2025-03-15
2353,332,14,1,2025-08-17
2354,441,13,2,2025-07-31
2355,226,6,1,2025-12-05
2356,352,7,1,2025-10-17
2357,326,1,2,2025-08-05
2358,104,15,2,2025-05-04
2359,47,2,1,2025-04-20
2360,13,19,1,2025-12-01
2361,372,14,4,2025-08-18
2362,335,11,1,2025-07-11
2363,460,8,2,2025-10-14
2364,480,11,1,2025-10-15
2365,210,7,3,2025-04-30
2366,68,17,1,2025-11-07
2367,360,15,2,2025-12-14
2368,239,2,2,2025-03-12
2369,6,8,1,2025-08-22
2370,256,10,2,2025-06-08
2371,22,3,1,2025-12-30
2372,446,13,1,2025-01-14
2373,294,14,3,2025-06-30
2374,297,1,1,2025-10-28
2375,160,8,3,2025-10-21
2376,443,8,1,2025-07-23
2377,295,10,1,2025-03-12
2378,447,18,1,2025-10-26
2379,13,6,1,2025-06-25
2380,62,10,2,2025-09-21
2381,458,5,2,2025-06-25
2382,490,2,1,2025-02-14
2383,446,10,1,2025-06-08
2384,266,12,1,2025-08-10
2385,77,4,3,2025-11-19
2386,156,2,2,2025-08-19
2387,192,17,2,2025-05-29
2388,421,11,1,2025-08-17
2389,421,8,1,2025-05-24
2390,210,2,1,2025-02-17
2391,15,8,1,2025-04-02
2392,138,3,2,2025-10-02
2393,333,17,1,2025-10-05
2394,428,5,1,2025-10-18
2395,307,20,1,2025-12-01
2396,299,5,1,2025-10-17
2397,145,12,1,2025-04-22
2398,31,16,1,2025-01-04
2399,180,2,2,2025-02-01
2400,263,16,2,2025-06-16
2401,94,1,1,2025-01-11
2402,389,12,1,2025-11-29
2403,422,2,2,2025-04-17
2404,443,6,1,2025-05-31
2405,485,1,2,2025-08-05
2406,455,20,1,2025-09-05
2407,403,13,2,2025-05-12
2408,238,10,1,2025-10-27
2409,20,7,2,2025-11-23
2410,233,19,1,2025-12-23
2411,265,8,1,2025-01-21
2412,274,5,2,2025-05-10
2413,140,8,1,2025-07-31
2414,309,6,2,2025-01-23
2415,43,11,1,2025-08-22
2416,360,15,2,2025-10-04
2417,175,8,1,2025-01-28
2418,358,14,2,2025-08-01
2419,100,12,2,2025-12-23
2420,96,3,1,2025-07-22
2421,244,9,2,2025-04-18
2422,247,17,3,2025-05-19
2423,138,16,1,2025-02-02
2424,476,14,2,2025-06-04
2425,381,4,1,2025-01-29
2426,170,3,1,2025-02-08
2427,199,4,2,2025-08-02
2428,96,3,4,2025-02-15
2429,184,14,3,2025-04-28
2430,245,10,2,2025-01-13
2431,186,12,1,2025-08-24
2432,431,15,2,2025-08-15
2433,376,10,2,2025-02-14
2434,129,16,1,2025-12-22
2435,458,4,1,2025-03-27
2436,319,7,3,2025-12-25
2437,364,15,4,2025-02-04
2438,362,3,2,2025-05-04
2439,394,2,1,2025-01-29
2440,209,12,4,2025-03-15
2441,174,20,1,2025-07-30
2442,355,10,1,2025-05-29
2443,13,7,1,2025-03-07
2444,165,12,1,2025-03-20
2445,167,5,3,2025-05-16
2446,43,2,1,2025-04-29
2447,153,8,1,2025-09-12
2448,22,10,2,2025-08-25
2449,263,14,2,2025-04-27
2450,219,3,1,2025-05-08
2451,210,11,1,2025-11-24
2452,165,15,1,2025-09-05
2453,484,2,2,2025-06-25
2454,199,2,3,2025-10-20
2455,366,20,1,2025-09-14
2456,133,16,2,2025-08-11
2457,139,13,1,2025-12-23
2458,32,16,1,2025-03-18
2459,52,3,3,2025-08-02
2460,7,18,3,2025-08-08
2461,205,8,1,2025-09-19
2462,348,17,1,2025-04-26
2463,324,17,2,2025-10-31
2464,405,17,1,2025-12-27
2465,219,15,2,2025-07-29
2466,334,9,2,2025-09-28
2467,406,18,1,2025-01-17
2468,327,2,2,2025-04-13
2469,304,16,2,2025-08-03
2470,211,10,1,2025-07-05
2471,112,4,1,2025-07-08
2472,457,3,4,2025-04-23
2473,351,5,2,2025-12-16
2474,287,6,2,2025-09-12
2475,23,15,3,2025-11-18
2476,282,13,1,2025-01-25
2477,132,15,1,2025-07-05
2478,275,6,1,2025-08-06
2479,387,16,2,2025-12-03
2480,358,20,3,2025-09-19
2481,492,12,4,2025-05-19
2482,60,18,2,2025-08-19
2483,17,10,1,2025-12-20
2484,276,3,3,2025-05-14
2485,146,8,1,2025-10-12
2486,289,9,1,2025-05-25
2487,466,12,1,2025-11-07
2488,87,11,2,2025-08-07
2489,369,16,1,2025-09-14
2490,125,17,2,2025-12-14
2491,412,1,2,2025-11-14
2492,99,16,2,2025-10-14
2493,314,20,4,2025-07-28
2494,138,8,1,2025-10-07
2495,492,13,2,2025-10-20
2496,28,2,1,2025-01-02
2497,467,3,1,2025-10-06
2498,454,6,2,2025-07-09
2499,77,17,2,2025-07-12
2500,196,18,2,2025-11-12
2501,200,15,3,2025-07-08
2502,300,4,3,2025-07-12
2503,375,10,2,2025-02-13
2504,27,6,1,2025-01-01
2505,269,2,4,2025-08-04
2506,3,8,1,2025-09-20
2507,412,20,1,2025-07-12
2508,14,11,2,2025-01-10
2509,256,20,4,2025-10-22
2510,169,19,1,2025-06-26
2511,107,11,2,2025-01-30
2512,126,14,3,2025-08-12
2513,406,1,1,2025-04-08
2514,105,10,1,2025-02-15
2515,251,13,1,2025-10-22
2516,370,6,3,2025-11-20
2517,57,14,1,2025-05-28
2518,43,10,4,2025-03-26
2519,491,20,1,2025-04-30
2520,163,9,1,2025-07-06
2521,490,20,1,2025-07-14
2522,185,20,1,2025-06-06
2523,38,8,3,2025-11-22
2524,71,19,1,2025-08-02
2525,221,4,1,2025-01-26
2526,137,3,1,2025-01-23
2527,63,17,2,2025-07-10
2528,474,8,2,2025-06-05
2529,47,14,1,2025-08-12
2530,152,8,2,2025-07-13
2531,198,10,1,2025-06-15
2532,497,8,4,2025-02-12
2533,380,17,2,2025-05-24
2534,398,18,2,2025-03-17
2535,366,16,2,2025-03-19
2536,136,3,1,2025-03-08
2537,194,10,2,2025-07-15
2538,419,10,2,2025-10-08
2539,18,6,1,2025-04-14
2540,168,2,1,2025-03-27
2541,419,7,1,2025-10-30
2542,286,18,1,2025-01-23
2543,180,1,2,2025-12-25
2544,285,4,1,2025-05-04
2545,466,20,2,2025-09-14
2546,340,2,2,2025-07-13
2547,299,18,1,2025-06-11
2548,346,18,2,2025-03-25
2549,382,8,1,2025-04-17
2550,478,12,1,2025-11-13
2551,488,20,1,2025-10-20
2552,230,17,1,2025-11-07
2553,488,10,2,2025-12-08
2554,66,20,1,2025-06-04
2555,232,14,1,2025-06-28
2556,117,6,1,2025-09-17
2557,302,9,2,2025-04-01
2558,383,9,3,2025-02-04
2559,282,15,1,2025-05-08
2560,382,8,2,2025-09-23
2561,105,12,2,2025-01-11
2562,500,17,2,2025-07-31
2563,72,15,3,2025-11-12
2564,478,10,1,2025-03-12
2565,496,12,1,2025-03-05
2566,286,9,3,2025-10-19
2567,31,9,2,2025-08-29
2568,99,10,1,2025-07-15
2569,90,11,1,2025-03-01
2570,368,4,1,2025-08-26
2571,70,1,1,2025-11-18
2572,487,20,1,2025-12-03
2573,224,6,1,2025-05-21
2574,345,8,1,2025-05-11
2575,19,9,1,2025-08-22
2576,163,7,2,2025-03-01
2577,176,11,1,2025-09-10
2578,277,2,2,2025-06-29
2579,154,20,1,2025-05-28
2580,442,6,2,2025-09-15
2581,46,8,1,2025-11-17
2582,3,11,2,2025-12-25
2583,499,9,1,2025-01-18
2584,21,18,2,2025-03-05
2585,288,11,2,2025-12-10
2586,330,20,2,2025-08-08
2587,435,2,2,2025-11-24
2588,358,19,1,2025-04-11
2589,127,5,1,2025-02-27
2590,262,16,2,2025-02-19
2591,353,3,1,2025-03-28
2592,160,18,4,2025-03-12
2593,480,7,1,2025-10-08
2594,99,13,2,2025-05-17
2595,293,16,1,2025-07-13
2596,313,17,2,2025-06-25
2597,477,12,1,2025-06-18
2598,352,14,1,2025-10-27
2599,351,20,3,2025-01-03
2600,99,17,2,2025-10-15
2601,308,11,1,2025-04-17
2602,427,8,1,2025-08-11
2603,306,1,1,2025-05-24
2604,455,18,1,2025-09-17
2605,378,18,2,2025-12-06
2606,274,5,2,2025-01-09
2607,77,2,1,2025-04-30
2608,315,8,1,2025-11-30
2609,134,18,3,2025-05-06
2610,11,18,2,2025-03-29
2611,116,16,1,2025-05-11
2612,329,11,2,2025-08-12
2613,81,15,1,2025-09-22
2614,80,16,3,2025-02-18
2615,89,19,2,2025-12-09
2616,59,7,1,2025-07-29
2617,94,8,1,2025-02-17
2618,415,16,2,2025-02-22
2619,314,20,2,2025-01-12
2620,40,13,2,2025-11-28
2621,106,10,2,2025-02-11
2622,440,19,1,2025-06-24
2623,401,10,1,2025-10-24
2624,394,16,1,2025-02-16
2625,116,8,1,2025-02-15
2626,202,15,1,2025-08-14
2627,292,4,3,2025-01-10
2628,486,1,1,2025-06-17
2629,102,1,1,2025-06-26
2630,197,20,2,2025-12-06
2631,272,7,4,2025-05-21
2632,215,3,1,2025-04-12
2633,293,5,3,2025-06-07
2634,181,6,1,2025-08-29
2635,466,19,2,2025-12-20
2636,245,1,3,2025-02-18
2637,65,11,1,2025-08-19
2638,439,5,1,2025-01-20
2639,364,11,1,2025-09-26
2640,239,12,1,2025-04-07
2641,41,1,1,2025-07-29
2642,477,14,1,2025-07-30
2643,446,8,2,2025-04-08
2644,71,1,2,2025-04-11
2645,287,10,2,2025-09-18
2646,449,8,1,2025-10-28
2647,73,2,1,2025-11-01
2648,392,9,3,2025-11-30
2649,249,6,2,2025-11-15
2650,269,2,1,2025-10-28
2651,330,3,1,2025-12-17
2652,479,9,1,2025-06-05
2653,272,8,1,2025-08-18
2654,473,5,1,2025-01-23
2655,116,16,1,2025-10-11
2656,65,10,1,2025-01-13
2657,456,6,1,2025-02-18
2658,109,5,3,2025-09-27
2659,479,18,1,2025-08-25
2660,160,13,2,2025-12-31
2661,468,11,1,2025-03-03
2662,161,15,1,2025-07-08
2663,405,1,4,2025-10-01
2664,288,19,1,2025-08-04
2665,406,16,2,2025-09-23
2666,48,4,2,2025-08-06
2667,187,17,1,2025-02-12
2668,439,15,1,2025-06-18
2669,77,3,1,2025-02-16
2670,142,14,2,2025-07-01
2671,245,4,4,2025-07-17
2672,81,7,3,2025-08-07
2673,467,17,2,2025-09-25
2674,358,13,1,2025-02-18
2675,213,9,1,2025-06-23
2676,179,2,3,2025-03-23
2677,195,18,2,2025-11-08
2678,357,15,1,2025-02-26
2679,369,14,2,2025-05-15
2680,185,12,1,2025-06-22
2681,269,5,1,2025-04-08
2682,210,3,4,2025-08-09
2683,142,11,2,2025-08-17
2684,404,18,2,2025-02-11
2685,272,10,2,2025-09-28
2686,20,12,4,2025-11-27
2687,177,1,1,2025-01-04
2688,91,19,2,2025-10-13
2689,170,4,2,2025-05-13
2690,177,17,1,2025-06-18
2691,224,11,1,2025-06-10
2692,138,8,3,2025-06-04
2693,265,11,3,2025-01-09
2694,276,4,1,2025-10-08
2695,29,16,1,2025-11-05
2696,10,10,1,2025-02-28
2697,94,19,4,2025-04-08
2698,382,2,3,2025-02-09
2699,336,15,1,2025-09-21
2700,252,11,1,2025-08-30
2701,38,11,2,2025-07-28
2702,95,8,1,2025-06-11
2703,318,15,4,2025-09-04
2704,425,15,2,2025-08-15
2705,65,13,1,2025-04-23
2706,30,14,2,2025-09-12
2707,390,11,3,2025-06-20
2708,337,19,1,2025-05-13
2709,443,2,1,2025-01-14
2710,232,19,1,2025-03-02
2711,63,5,2,2025-09-09
2712,386,15,1,2025-05-20
2713,350,3,1,2025-03-20
2714,196,14,1,2025-01-17
2715,366,20,1,2025-05-03
2716,412,3,1,2025-02-17
2717,231,19,1,2025-03-19
2718,325,6,2,2025-12-23
2719,452,7,1,2025-04-09
2720,28,6,1,2025-02-11
2721,159,18,2,2025-09-02
2722,150,13,2,2025-03-22
2723,439,19,1,2025-07-19
2724,161,13,3,2025-11-08
2725,442,19,1,2025-02-15
2726,61,2,1,2025-06-10
2727,491,18,1,2025-08-30
2728,317,3,4,2025-11-27
2729,57,14,3,2025-08-10
2730,38,5,1,2025-05-12
2731,463,20,3,2025-08-28
2732,15,15,1,2025-01-07
2733,71,6,2,2025-07-28
2734,81,19,2,2025-10-16
2735,482,8,1,2025-08-08
2736,499,15,1,2025-08-14
2737,20,8,3,2025-12-03
2738,411,1,2,2025-10-24
2739,474,18,1,2025-07-10
2740,352,11,2,2025-05-28
2741,18,20,4,2025-01-13
2742,257,9,3,2025-07-29
2743,9,20,2,2025-02-21
2744,33,8,3,2025-04-28
2745,214,16,2,2025-02-06
2746,334,8,1,2025-06-01
2747,438,17,1,2025-07-05
2748,343,4,2,2025-09-23
2749,275,7,2,2025-06-16
2750,54,14,1,2025-02-20
2751,171,2,3,2025-07-16
2752,451,20,2,2025-01-18
2753,248,11,2,2025-12-09
2754,444,13,1,2025-07-30
2755,355,1,1,2025-10-15
2756,475,12,1,2025-07-29
2757,45,1,3,2025-01-20
2758,164,13,2,2025-09-15
2759,42,6,1,2025-05-06
2760,193,20,2,2025-04-26
2761,347,17,1,2025-06-03
2762,265,20,1,2025-01-15
2763,104,16,2,2025-12-29
2764,389,4,2,2025-02-21
2765,390,9,4,2025-11-27
2766,328,14,1,2025-12-08
2767,303,10,2,2025-06-22
2768,184,9,1,2025-08-19
2769,266,20,1,2025-10-19
2770,468,13,1,2025-05-27
2771,27,11,1,2025-07-24
2772,482,5,4,2025-11-29
2773,192,20,2,2025-07-25
2774,226,11,1,2025-11-07
2775,348,17,1,2025-05-03
2776,337,14,1,2025-05-17
2777,23,1,1,2025-07-06
2778,205,20,1,2025-03-24
2779,150,12,1,2025-09-02
2780,416,5,2,2025-02-10
2781,480,4,1,2025-12-28
2782,277,19,1,2025-08-23
2783,386,11,1,2025-08-31
2784,232,12,2,2025-05-17
2785,4,9,2,2025-09-23
2786,213,6,1,2025-03-28
2787,381,1,1,2025-03-23
2788,416,16,1,2025-10-08
2789,213,4,3,2025-04-04
2790,29,12,3,2025-05-26
2791,476,8,1,2025-05-17
2792,133,19,1,2025-08-08
2793,392,14,1,2025-02-24
2794,168,13,2,2025-03-29
2795,266,8,2,2025-01-01
2796,221,6,1,2025-02-03
2797,272,11,1,2025-08-04
2798,409,14,2,2025-11-29
2799,349,12,1,2025-11-10
2800,323,1,2,2025-04-16
2801,223,18,1,2025-03-13
2802,452,12,1,2025-11-06
2803,23,19,1,2025-07-13
2804,14,6,2,2025-05-07
2805,420,8,3,2025-10-01
2806,128,14,2,2025-04-13
2807,147,1,2,2025-02-14
2808,189,6,2,2025-12-23
2809,221,2,1,2025-10-16
2810,45,14,2,2025-12-14
2811,440,9,1,2025-06-06
2812,437,14,2,2025-03-15
2813,39,16,1,2025-06-01
2814,253,19,1,2025-03-23
2815,429,20,2,2025-12-01
2816,424,14,1,2025-07-17
2817,182,15,1,2025-11-08
2818,89,17,2,2025-05-31
2819,79,15,1,2025-11-21
2820,438,1,1,2025-05-19
2821,484,4,2,2025-11-18
2822,178,14,1,2025-06-26
2823,375,14,2,2025-09-10
2824,170,6,1,2025-12-11
2825,396,3,2,2025-09-09
2826,351,13,2,2025-04-02
2827,273,7,2,2025-05-06
2828,330,8,1,2025-12-22
2829,355,13,2,2025-12-07
2830,159,9,4,2025-04-03
2831,305,5,2,2025-06-10
2832,74,9,1,2025-10-21
2833,80,20,2,2025-05-12
2834,46,9,2,2025-09-11
2835,220,7,1,2025-04-04
2836,360,7,1,2025-09-28
2837,463,18,1,2025-09-19
2838,35,10,1,2025-08-07
2839,2,6,1,2025-12-02
2840,144,10,2,2025-03-20
2841,129,11,2,2025-03-09
2842,291,19,1,2025-06-26
2843,398,16,1,2025-04-17
2844,122,15,2,2025-11-04
2845,377,13,1,2025-09-13
2846,64,18,2,2025-07-02
2847,375,10,1,2025-11-28
2848,93,17,2,2025-08-03
2849,430,1,1,2025-12-31
2850,131,17,1,2025-01-31
2851,478,3,2,2025-01-18
2852,389,1,3,2025-12-21
2853,64,6,1,2025-02-07
2854,165,15,1,2025-09-16
2855,329,8,1,2025-05-13
2856,110,6,2,2025-09-15
2857,40,11,3,2025-06-04
2858,52,14,1,2025-02-24
2859,393,14,2,2025-03-08
2860,38,16,1,2025-12-16
2861,180,8,2,2025-10-18
2862,473,8,4,2025-08-30
2863,178,4,2,2025-12-14
2864,415,1,1,2025-07-05
2865,472,20,1,2025-09-12
2866,206,9,3,2025-11-15
2867,392,20,3,2025-07-17
2868,26,17,1,2025-12-06
2869,287,14,1,2025-11-08
2870,407,19,2,2025-07-30
2871,40,4,1,2025-09-22
2872,221,5,2,2025-01-02
2873,398,6,2,2025-10-13
2874,36,16,2,2025-03-04
2875,26,7,1,2025-10-10
2876,115,1,2,2025-03-20
2877,487,4,1,2025-01-27
2878,344,5,2,2025-07-07
2879,68,6,3,2025-01-05
2880,207,18,3,2025-04-15
2881,485,14,2,2025-04-14
2882,444,1,2,2025-01-22
2883,408,14,1,2025-06-05
2884,129,9,3,2025-02-08
2885,354,3,1,2025-04-13
2886,346,18,1,2025-09-17
2887,72,17,1,2025-07-30
2888,425,17,1,2025-02-01
2889,193,13,1,2025-06-29
2890,263,15,2,2025-01-06
2891,341,18,2,2025-07-06
2892,480,9,1,2025-11-26
2893,343,8,3,2025-06-15
2894,464,8,2,2025-12-22
2895,378,5,3,2025-08-30
2896,474,17,3,2025-09-01
2897,93,12,3,2025-04-08
2898,47,7,1,2025-11-12
2899,60,7,1,2025-06-30
2900,240,4,4,2025-03-26
2901,499,12,3,2025-12-13
2902,140,9,2,2025-01-10
2903,11,15,1,2025-03-21
2904,408,9,2,2025-11-03
2905,156,20,2,2025-02-01
2906,339,3,1,2025-05-12
2907,294,5,2,2025-03-07
2908,355,6,2,2025-05-01
2909,328,4,1,2025-04-12
2910,474,3,1,2025-05-31
2911,393,10,1,2025-11-24
2912,365,7,2,2025-12-18
2913,9,12,1,2025-02-22
2914,283,17,1,2025-04-27
2915,352,18,1,2025-01-17
2916,247,19,2,2025-01-31
2917,285,4,1,2025-08-06
2918,421,18,3,2025-06-17
2919,389,5,2,2025-03-27
2920,489,6,2,2025-07-20
2921,451,8,2,2025-12-14
2922,455,16,3,2025-09-14
2923,6,12,2,2025-05-25
2924,153,18,3,2025-09-17
2925,49,13,1,2025-03-09
2926,273,13,3,2025-10-03
2927,187,4,1,2025-06-12
2928,207,18,4,2025-02-15
2929,15,9,1,2025-12-22
2930,114,8,4,2025-06-13
2931,49,10,1,2025-10-22
2932,122,11,4,2025-12-24
2933,302,5,2,2025-04-24
2934,39,13,1,2025-07-30
2935,270,17,3,2025-03-19
2936,87,12,1,2025-06-18
2937,72,7,1,2025-02-08
2938,133,18,1,2025-12-28
2939,6,18,1,2025-11-01
2940,265,7,3,2025-06-15
2941,394,4,1,2025-06-15
2942,375,1,2,2025-09-22
2943,250,1,1,2025-12-14
2944,420,4,2,2025-08-08
2945,279,6,1,2025-11-28
2946,474,4,1,2025-09-23
2947,370,19,2,2025-10-19
2948,167,5,2,2025-05-25
2949,186,8,2,2025-12-06
2950,356,18,3,2025-03-13
2951,21,8,1,2025-10-12
2952,350,5,1,2025-08-11
2953,465,13,3,2025-01-07
2954,401,4,1,2025-10-28
2955,34,9,2,2025-01-30
2956,23,9,1,2025-10-08
2957,83,6,1,2025-05-06
2958,142,14,2,2025-05-04
2959,321,12,1,2025-12-25
2960,104,3,1,2025-10-29
2961,300,11,1,2025-09-08
2962,288,11,2,2025-11-20
2963,159,20,3,2025-08-19
2964,108,16,1,2025-03-30
2965,341,8,2,2025-03-13
2966,117,7,1,2025-03-23
2967,203,14,2,2025-07-21
2968,489,18,1,2025-03-15
2969,418,20,2,2025-03-27
2970,297,4,1,2025-07-16
2971,484,18,2,2025-03-29
2972,286,15,1,2025-07-16
2973,421,6,2,2025-11-21
2974,255,5,1,2025-01-13
2975,57,19,1,2025-09-01
2976,207,10,2,2025-08-16
2977,95,14,3,2025-01-17
2978,57,13,3,2025-12-04
2979,75,11,2,2025-10-11
2980,107,10,1,2025-06-13
2981,164,1,4,2025-11-06
2982,130,15,1,2025-08-05
2983,498,8,1,2025-09-03
2984,168,17,4,2025-08-21
2985,355,9,4,2025-10-03
2986,334,17,1,2025-08-10
2987,40,2,3,2025-03-01
2988,287,3,2,2025-06-01
2989,475,7,2,2025-05-04
2990,164,3,1,2025-12-03
2991,207,3,2,2025-02-27
2992,82,1,2,2025-12-13
2993,75,5,1,2025-08-12
2994,462,7,3,2025-08-10
2995,4,3,3,2025-04-28
2996,261,12,1,2025-09-01
2997,445,2,4,2025-03-06
2998,498,6,3,2025-05-14
2999,180,4,1,2025-10-16
3000,37,10,1,2025-05-23
3001,260,8,1,2025-10-21
3002,366,13,2,2025-11-01
3003,377,5,2,2025-08-09
3004,125,14,2,2025-10-05
3005,253,8,1,2025-10-01
3006,414,9,2,2025-12-09
3007,291,20,3,2025-12-24
3008,98,14,1,2025-09-24
3009,431,10,1,2025-04-28
3010,488,15,1,2025-09-23
3011,331,8,1,2025-11-09
3012,374,16,1,2025-12-04
3013,261,10,2,2025-06-09
3014,197,3,1,2025-07-04
3015,318,4,1,2025-05-23
3016,458,2,1,2025-05-08
3017,491,15,3,2025-02-09
3018,230,15,2,2025-01-04
3019,397,9,2,2025-01-17
3020,139,19,1,2025-01-01
3021,497,15,1,2025-12-09
3022,110,12,2,2025-06-19
3023,417,3,2,2025-06-02
3024,334,13,4,2025-05-16
3025,413,18,1,2025-04-29
3026,16,4,1,2025-04-23
3027,254,11,3,2025-02-04
3028,436,15,1,2025-04-22
3029,486,1,1,2025-12-06
3030,32,16,3,2025-12-09
3031,379,5,2,2025-01-05
3032,285,14,1,2025-10-20
3033,150,4,2,2025-12-17
3034,41,15,1,2025-08-02
3035,143,14,2,2025-05-15
3036,55,2,2,2025-05-27
3037,240,4,2,2025-05-02
3038,336,19,2,2025-05-10
3039,106,11,2,2025-09-29
3040,71,4,1,2025-01-09
3041,354,19,3,2025-09-24
3042,404,15,1,2025-03-14
3043,321,16,2,2025-11-01
3044,58,9,1,2025-11-23
3045,402,4,3,2025-07-01
3046,243,9,2,2025-05-17
3047,448,20,1,2025-04-22
3048,379,11,1,2025-05-03
3049,167,9,1,2025-04-10
3050,103,18,2,2025-05-28
3051,272,12,2,2025-03-12
3052,419,9,1,2025-05-30
3053,333,10,2,2025-04-08
3054,55,17,1,2025-04-25
3055,170,8,4,2025-04-24
3056,292,12,2,2025-06-06
3057,41,14,1,2025-05-14
3058,224,2,1,2025-09-14
3059,2,11,1,2025-09-20
3060,379,18,2,2025-12-25
3061,216,11,1,2025-09-05
3062,295,11,3,2025-11-01
3063,489,17,1,2025-04-20
3064,357,18,2,2025-11-18
3065,476,14,1,2025-05-11
3066,319,13,1,2025-04-18
3067,147,17,3,2025-12-05
3068,429,4,1,2025-05-02
3069,116,6,2,2025-07-12
3070,328,14,1,2025-12-19
3071,155,12,2,2025-07-24
3072,117,12,2,2025-12-18
3073,88,1,1,2025-06-15
3074,442,9,2,2025-08-24
3075,326,16,1,2025-05-26
3076,400,9,1,2025-12-09
3077,359,16,1,2025-01-04
3078,161,10,3,2025-05-31
3079,388,1,1,2025-08-15
3080,341,6,2,2025-02-10
3081,494,19,1,2025-12-20
3082,77,6,1,2025-12-22
3083,252,2,4,2025-04-19
3084,447,11,2,2025-08-28
3085,18,19,2,2025-07-22
3086,330,8,2,2025-11-04
3087,289,11,1,2025-01-18
3088,252,14,1,2025-07-10
3089,154,9,2,2025-10-23
3090,209,16,1,2025-01-10
3091,194,5,2,2025-06-16
3092,225,2,2,2025-04-13
3093,53,1,1,2025-07-29
3094,414,16,2,2025-07-20
3095,348,17,3,2025-10-08
3096,32,6,2,2025-10-19
3097,171,5,3,2025-11-24
3098,203,1,2,2025-11-20
3099,315,11,1,2025-02-22
3100,458,1,1,2025-07-23
3101,460,1,2,2025-10-17
3102,81,18,2,2025-08-07
3103,171,6,2,2025-08-08
3104,121,5,3,2025-12-12
3105,166,6,1,2025-10-12
3106,251,6,1,2025-12-17
3107,5,12,3,2025-03-26
3108,82,20,1,2025-07-20
3109,238,13,1,2025-09-26
3110,484,10,1,2025-06-01
3111,27,17,2,2025-04-01
3112,348,20,1,2025-10-01
3113,300,13,1,2025-11-30
3114,99,20,2,2025-12-07
3115,318,5,1,2025-04-01
3116,475,15,1,2025-02-10
3117,36,4,1,2025-04-15
3118,158,20,1,2025-12-22
3119,264,11,2,2025-11-27
3120,276,19,2,2025-09-29
3121,168,13,2,2025-04-03
3122,400,12,2,2025-09-17
3123,402,3,2,2025-11-15
3124,369,10,3,2025-04-20
3125,449,7,1,2025-12-15
3126,434,4,1,2025-04-01
3127,230,8,3,2025-12-01
3128,228,17,2,2025-09-11
3129,176,13,3,2025-12-13
3130,402,11,4,2025-05-27
3131,103,11,1,2025-08-20
3132,131,6,1,2025-08-15
3133,228,12,1,2025-04-23
3134,268,7,2,2025-01-01
3135,293,8,1,2025-03-28
3136,219,12,2,2025-06-27
3137,12,11,1,2025-05-21
3138,436,8,1,2025-06-16
3139,160,16,2,2025-10-31
3140,325,14,1,2025-06-05
3141,433,11,1,2025-03-15
3142,150,8,2,2025-12-27
3143,323,9,1,2025-01-13
3144,373,14,1,2025-04-06
3145,126,4,2,2025-09-14
3146,322,18,1,2025-01-26
3147,478,13,2,2025-05-21
3148,343,17,2,2025-03-06
3149,43,19,2,2025-02-17
3150,99,13,1,2025-09-06
3151,411,1,1,2025-08-15
3152,453,6,3,2025-05-31
3153,118,11,1,2025-05-19
3154,3,19,1,2025-08-21
3155,36,10,1,2025-09-29
3156,197,1,1,2025-07-16
3157,66,6,4,2025-03-21
3158,29,4,1,2025-04-27
3159,485,8,2,2025-02-17
3160,124,9,2,2025-06-17
3161,151,7,3,2025-11-12
3162,490,9,1,2025-02-13
3163,151,5,1,2025-08-29
3164,246,1,1,2025-07-25
3165,160,6,1,2025-12-04
3166,497,7,1,2025-12-04
3167,246,14,1,2025-06-30
3168,345,6,3,2025-08-06
3169,43,2,1,2025-08-10
3170,493,10,1,2025-03-08
3171,236,15,2,2025-03-25
3172,337,17,2,2025-10-11
3173,94,3,2,2025-08-14
3174,389,7,1,2025-11-12
3175,368,3,2,2025-10-09
3176,129,4,2,2025-01-12
3177,392,11,1,2025-03-12
3178,6,14,2,2025-01-13
3179,292,10,1,2025-06-20
3180,180,11,1,2025-03-02
3181,213,6,1,2025-07-01
3182,106,14,1,2025-05-06
3183,70,9,1,2025-07-26
3184,20,13,1,2025-01-13
3185,308,15,1,2025-05-22
3186,394,2,1,2025-09-19
3187,348,1,1,2025-08-02
3188,29,2,1,2025-07-13
3189,231,17,1,2025-11-03
3190,364,6,1,2025-10-02
3191,221,19,4,2025-09-04
3192,180,3,1,2025-02-15
3193,56,5,1,2025-08-04
3194,190,15,2,2025-06-25
3195,38,6,1,2025-10-02
3196,168,1,2,2025-10-14
3197,203,1,2,2025-09-01
3198,86,15,2,2025-09-22
3199,366,9,2,2025-10-12
3200,429,1,1,2025-10-12
3201,260,15,1,2025-10-21
3202,395,5,1,2025-10-30
3203,440,5,1,2025-06-29
3204,84,4,1,2025-05-24
3205,457,12,1,2025-10-25
3206,135,4,1,2025-08-31
3207,372,9,2,2025-12-02
3208,493,3,1,2025-07-26
3209,476,3,4,2025-07-22
3210,340,10,2,2025-10-02
3211,34,4,1,2025-02-25
3212,400,7,1,2025-11-13
3213,149,12,1,2025-07-28
3214,480,3,2,2025-04-03
3215,69,5,2,2025-01-31
3216,330,9,2,2025-04-30
3217,402,18,3,2025-03-06
3218,166,12,2,2025-09-29
3219,189,12,1,2025-08-02
3220,301,7,1,2025-02-19
3221,81,4,1,2025-09-27
3222,64,20,2,2025-03-19
3223,101,11,1,2025-01-10
3224,395,6,3,2025-11-28
3225,499,17,4,2025-05-07
3226,294,1,3,2025-12-18
3227,177,7,3,2025-07-20
3228,397,5,3,2025-10-11
3229,29,8,1,2025-10-04
3230,321,16,3,2025-09-27
3231,294,18,2,2025-07-10
3232,479,11,4,2025-03-07
3233,9,2,2,2025-07-20
3234,46,12,1,2025-07-27
3235,174,2,2,2025-04-13
3236,366,19,2,2025-03-05
3237,10,4,1,2025-05-10
3238,74,18,2,2025-08-07
3239,10,12,2,2025-03-23
3240,296,16,4,2025-10-19
3241,137,8,1,2025-04-04
3242,68,15,1,2025-08-07
3243,303,4,3,2025-01-05
3244,479,20,1,2025-04-03
3245,281,5,1,2025-12-20
3246,427,9,1,2025-08-06
3247,254,10,1,2025-11-03
3248,204,10,2,2025-05-28
3249,382,11,3,2025-04-14
3250,9,1,1,2025-10-10
3251,406,7,3,2025-01-18
3252,346,13,1,2025-03-04
3253,74,15,3,2025-10-20
3254,318,3,1,2025-01-10
3255,391,4,1,2025-04-07
3256,300,17,1,2025-10-11
3257,147,16,2,2025-09-14
3258,376,5,1,2025-03-31
3259,262,3,1,2025-07-25
3260,152,20,1,2025-04-27
3261,43,4,3,2025-03-06
3262,392,14,3,2025-05-06
3263,358,5,1,2025-01-30
3264,407,18,1,2025-06-11
3265,426,8,1,2025-04-08
3266,311,15,1,2025-05-29
3267,486,6,1,2025-12-11
3268,110,4,2,2025-11-13
3269,238,9,2,2025-04-11
3270,4,2,1,2025-05-06
3271,310,10,2,2025-09-22
3272,482,17,1,2025-05-19
3273,437,13,1,2025-01-06
3274,71,11,2,2025-12-17
3275,235,20,1,2025-11-11
3276,9,12,3,2025-06-09
3277,332,3,1,2025-04-21
3278,35,6,2,2025-10-07
3279,249,14,1,2025-11-27
3280,362,8,1,2025-06-13
3281,116,6,1,2025-06-23
3282,165,4,1,2025-12-20
3283,362,8,2,2025-10-09
3284,326,12,2,2025-01-01
3285,207,5,1,2025-04-10
3286,354,10,1,2025-07-23
3287,77,4,1,2025-06-02
3288,160,15,1,2025-11-30
3289,238,18,1,2025-12-18
3290,414,17,1,2025-01-21
3291,381,2,1,2025-03-12
3292,460,15,2,2025-09-19
3293,390,11,2,2025-04-29
3294,320,19,2,2025-10-29
3295,488,15,1,2025-11-27
3296,489,2,1,2025-01-12
3297,80,18,1,2025-10-30
3298,71,16,1,2025-05-14
3299,412,19,2,2025-04-18
3300,233,3,2,2025-12-22
3301,364,18,1,2025-01-14
3302,245,10,1,2025-01-11
3303,397,15,1,2025-11-14
3304,274,18,1,2025-09-12
3305,346,9,2,2025-01-28
3306,445,2,4,2025-04-20
3307,77,17,2,2025-02-02
3308,196,13,2,2025-09-17
3309,260,7,4,2025-08-11
3310,455,9,2,2025-06-27
3311,101,11,2,2025-01-11
3312,414,19,1,2025-01-09
3313,181,7,3,2025-06-18
3314,200,2,1,2025-11-20
3315,47,6,3,2025-05-01
3316,281,18,1,2025-05-12
3317,454,3,1,2025-09-16
3318,183,15,1,2025-08-10
3319,3,2,1,2025-02-02
3320,205,10,1,2025-12-29
3321,237,2,2,2025-01-08
3322,460,11,2,2025-10-15
3323,184,19,2,2025-03-16
3324,498,4,2,2025-01-13
3325,461,18,3,2025-06-29
3326,240,4,1,2025-10-15
3327,185,13,1,2025-05-01
3328,299,15,1,2025-09-04
3329,325,5,1,2025-09-05
3330,332,3,2,2025-09-05
3331,284,3,2,2025-06-07
3332,345,15,1,2025-01-12
3333,397,10,1,2025-11-08
3334,59,18,1,2025-03-17
3335,7,2,1,2025-08-07
3336,410,1,1,2025-07-12
3337,463,14,1,2025-05-21
3338,66,20,1,2025-03-23
3339,412,12,1,2025-02-12
3340,194,4,4,2025-07-23
3341,189,7,1,2025-03-04
3342,241,6,2,2025-09-19
3343,471,15,1,2025-07-13
3344,225,7,1,2025-10-24
3345,341,20,1,2025-09-27
3346,249,16,1,2025-06-23
3347,203,17,1,2025-02-21
3348,284,20,3,2025-08-14
3349,301,13,4,2025-10-15
3350,437,20,3,2025-05-08
3351,237,20,1,2025-05-10
3352,306,8,2,2025-04-13
3353,18,2,2,2025-01-11
3354,210,3,1,2025-08-03
3355,206,14,1,2025-10-23
3356,313,16,1,2025-04-26
3357,303,9,3,2025-09-14
3358,114,2,1,2025-09-04
3359,494,15,1,2025-04-09
3360,226,2,1,2025-05-15
3361,63,7,1,2025-09-09
3362,262,4,1,2025-12-21
3363,25,19,1,2025-03-01
3364,54,6,1,2025-03-26
3365,24,7,3,2025-01-04
3366,340,20,1,2025-07-31
3367,107,8,2,2025-06-07
3368,63,19,1,2025-03-01
3369,140,4,2,2025-06-02
3370,13,6,3,2025-02-28
3371,482,20,1,2025-01-17
3372,248,12,1,2025-10-10
3373,228,9,1,2025-08-12
3374,201,15,2,2025-12-26
3375,64,20,2,2025-10-11
3376,305,8,2,2025-10-03
3377,307,10,1,2025-12-09
3378,261,13,1,2025-04-05
3379,110,3,2,2025-04-13
3380,123,6,1,2025-04-18
3381,235,4,4,2025-09-30
3382,224,7,1,2025-05-09
3383,389,17,2,2025-12-06
3384,209,6,2,2025-03-31
3385,5,19,1,2025-09-14
3386,68,9,1,2025-02-09
3387,398,15,4,2025-12-19
3388,497,1,1,2025-10-14
3389,69,20,1,2025-01-28
3390,167,1,1,2025-09-08
3391,490,17,4,2025-01-06
3392,388,16,1,2025-10-13
3393,465,2,2,2025-10-19
3394,299,16,1,2025-11-28
3395,123,7,1,2025-03-22
3396,342,3,4,2025-10-15
3397,4,6,1,2025-07-24
3398,15,16,1,2025-04-03
3399,95,12,1,2025-12-13
3400,183,8,2,2025-08-16
3401,115,5,1,2025-08-01
3402,353,18,2,2025-10-11
3403,98,5,1,2025-03-16
3404,451,6,1,2025-05-24
3405,202,20,1,2025-09-24
3406,353,5,1,2025-11-07
3407,87,15,1,2025-09-25
3408,427,10,3,2025-11-28
3409,126,2,2,2025-12-05
3410,461,3,2,2025-08-15
3411,10,1,3,2025-03-07
3412,24,9,3,2025-04-25
3413,280,19,4,2025-06-13
3414,239,2,1,2025-03-06
3415,95,3,3,2025-01-26
3416,281,20,1,2025-05-28
3417,469,9,3,2025-10-20
3418,352,2,1,2025-01-31
3419,266,8,1,2025-09-23
3420,468,3,1,2025-08-27
3421,147,16,1,2025-02-08
3422,123,17,1,2025-07-28
3423,392,10,2,2025-07-25
3424,465,12,2,2025-05-06
3425,381,5,2,2025-02-08
3426,128,19,1,2025-07-28
3427,109,19,3,2025-10-23
3428,169,19,1,2025-10-11
3429,64,15,1,2025-06-08
3430,68,7,1,2025-09-05
3431,374,11,1,2025-12-16
3432,30,11,2,2025-01-19
3433,24,13,1,2025-12-24
3434,190,1,2,2025-08-12
3435,82,17,1,2025-10-21
3436,275,1,1,2025-07-31
3437,91,2,1,2025-08-01
3438,419,8,2,2025-03-15
3439,8,12,1,2025-04-21
3440,417,20,1,2025-09-12
3441,32,16,1,2025-09-10
3442,174,14,2,2025-09-23
3443,85,7,4,2025-01-24
3444,325,12,1,2025-08-10
3445,370,6,1,2025-01-10
3446,316,12,2,2025-07-07
3447,18,6,2,2025-05-29
3448,409,19,2,2025-10-07
3449,104,18,1,2025-02-05
3450,349,3,2,2025-12-20
3451,431,5,4,2025-01-09
3452,88,3,1,2025-05-03
3453,427,10,1,2025-12-21
3454,246,10,1,2025-12-05
3455,375,11,3,2025-05-03
3456,409,5,1,2025-03-29
3457,177,13,2,2025-04-02
3458,277,3,2,2025-03-19
3459,102,14,2,2025-11-15
3460,432,1,2,2025-10-14
3461,94,14,2,2025-06-06
3462,263,14,2,2025-06-19
3463,152,13,1,2025-09-18
3464,64,8,2,2025-09-14
3465,332,7,1,2025-01-20
3466,124,13,3,2025-12-18
3467,390,12,1,2025-06-11
3468,369,13,4,2025-07-12
3469,33,2,1,2025-05-05
3470,285,9,2,2025-03-16
3471,476,16,1,2025-03-30
3472,221,5,2,2025-09-09
3473,135,10,1,2025-10-05
3474,293,13,2,2025-06-15
3475,97,12,1,2025-07-15
3476,378,6,1,2025-07-08
3477,89,12,3,2025-07-11
3478,353,8,2,2025-04-20
3479,199,6,1,2025-09-06
3480,264,6,1,2025-04-01
3481,102,19,1,2025-08-10
3482,401,10,1,2025-09-01
3483,34,3,1,2025-01-14
3484,90,16,4,2025-08-03
3485,193,18,1,2025-02-10
3486,137,4,4,2025-02-27
3487,101,5,1,2025-10-31
3488,311,19,1,2025-07-23
3489,288,14,1,2025-02-27
3490,10,16,1,2025-01-31
3491,145,20,1,2025-11-21
3492,378,13,2,2025-04-28
3493,473,20,1,2025-12-12
3494,500,3,2,2025-08-22
3495,488,6,2,2025-01-31
3496,256,3,3,2025-12-16
3497,302,8,3,2025-02-25
3498,443,9,1,2025-08-04
3499,75,4,1,2025-08-11
3500,54,16,1,2025-12-23
3501,223,14,2,2025-08-01
3502,316,5,2,2025-03-17
3503,431,13,2,2025-09-10
3504,94,10,1,2025-09-21
3505,81,12,1,2025-02-18
3506,126,1,1,2025-10-22
3507,264,19,3,2025-05-29
3508,181,7,1,2025-04-22
3509,426,19,2,2025-11-09
3510,16,17,1,2025-07-06
3511,466,12,1,2025-01-14
3512,42,11,1,2025-10-25
3513,196,11,2,2025-07-01
3514,482,7,3,2025-06-30
3515,417,8,3,2025-04-18
3516,118,5,1,2025-09-16
3517,83,20,4,2025-04-12
3518,222,10,2,2025-07-11
3519,20,6,2,2025-11-24
3520,350,9,1,2025-07-11
3521,479,19,1,2025-03-02
3522,315,1,1,2025-02-07
3523,35,1,1,2025-04-14
3524,320,4,2,2025-07-10
3525,312,14,1,2025-07-14
3526,29,10,2,2025-08-17
3527,498,12,1,2025-09-03
3528,406,7,2,2025-01-28
3529,332,3,2,2025-05-26
3530,209,6,1,2025-09-20
3531,45,12,1,2025-02-27
3532,342,10,1,2025-02-13
3533,116,15,1,2025-12-17
3534,113,11,2,2025-10-29
3535,170,18,1,2025-03-14
3536,265,18,1,2025-10-10
3537,377,15,1,2025-02-08
3538,457,6,1,2025-08-21
3539,105,10,1,2025-10-24
3540,173,14,1,2025-09-23
3541,91,11,1,2025-03-26
3542,346,20,1,2025-05-24
3543,285,19,1,2025-02-26
3544,265,12,1,2025-12-25
3545,324,19,2,2025-11-17
3546,317,9,1,2025-03-27
3547,77,9,1,2025-09-10
3548,36,3,2,2025-08-06
3549,17,4,2,2025-05-23
3550,475,18,2,2025-09-29
3551,75,15,1,2025-01-06
3552,181,6,2,2025-12-13
3553,491,16,4,2025-09-09
3554,116,15,2,2025-04-28
3555,158,1,2,2025-09-02
3556,405,13,1,2025-08-11
3557,415,15,1,2025-11-18
3558,448,20,3,2025-02-06
3559,384,10,1,2025-01-11
3560,251,5,1,2025-03-15
3561,24,17,2,2025-04-20
3562,82,11,3,2025-09-03
3563,220,17,1,2025-06-17
3564,25,15,1,2025-12-06
3565,319,8,2,2025-08-04
3566,132,9,1,2025-11-01
3567,429,15,4,2025-12-14
3568,498,8,3,2025-12-04
3569,274,6,4,2025-07-03
3570,464,12,1,2025-07-15
3571,279,3,2,2025-04-01
3572,351,10,1,2025-05-28
3573,272,12,1,2025-12-08
3574,479,19,1,2025-04-16
3575,453,1,3,2025-09-22
3576,432,10,1,2025-02-04
3577,29,9,1,2025-06-03
3578,368,14,1,2025-01-22
3579,175,8,1,2025-03-31
3580,213,2,1,2025-02-25
3581,175,2,1,2025-03-21
3582,489,1,1,2025-04-13
3583,161,3,2,2025-08-03
3584,463,14,2,2025-10-16
3585,290,17,1,2025-01-26
3586,430,9,1,2025-10-19
3587,326,10,1,2025-08-21
3588,44,13,1,2025-11-05
3589,31,15,4,2025-01-11
3590,242,1,2,2025-05-16
3591,455,17,1,2025-04-11
3592,126,8,3,2025-08-10
3593,352,6,1,2025-10-19
3594,497,8,1,2025-03-06
3595,319,12,1,2025-06-09
3596,91,7,2,2025-08-16
3597,145,11,1,2025-02-16
3598,289,20,2,2025-08-23
3599,20,16,2,2025-12-26
3600,448,9,1,2025-11-02
3601,120,20,3,2025-05-21
3602,161,17,2,2025-01-08
3603,317,9,2,2025-01-20
3604,263,18,1,2025-01-28
3605,254,18,1,2025-01-08
3606,369,19,1,2025-04-17
3607,30,11,1,2025-12-17
3608,326,8,1,2025-09-11
3609,436,8,2,2025-01-31
3610,361,8,2,2025-07-18
3611,94,3,1,2025-03-30
3612,329,17,2,2025-09-11
3613,204,4,1,2025-05-16
3614,331,15,1,2025-03-23
3615,26,13,1,2025-08-07
3616,188,8,3,2025-03-20
3617,310,5,1,2025-04-16
3618,18,17,1,2025-01-17
3619,107,13,1,2025-02-27
3620,144,19,1,2025-01-22
3621,163,1,2,2025-03-06
3622,345,2,1,2025-09-24
3623,99,18,2,2025-03-16
3624,29,1,2,2025-06-10
3625,395,7,1,2025-09-04
3626,315,14,4,2025-01-21
3627,171,4,1,2025-10-12
3628,3,12,3,2025-05-26
3629,371,17,3,2025-09-13
3630,267,14,1,2025-06-13
3631,234,1,3,2025-06-03
3632,249,17,1,2025-06-16
3633,136,16,1,2025-09-10
3634,355,20,2,2025-09-17
3635,207,1,1,2025-06-01
3636,236,2,4,2025-11-07
3637,233,12,1,2025-11-28
3638,93,20,1,2025-08-22
3639,285,12,2,2025-06-26
3640,195,8,1,2025-05-19
3641,376,6,2,2025-08-10
3642,181,16,1,2025-02-27
3643,266,2,2,2025-03-31
3644,307,7,1,2025-07-09
3645,54,4,1,2025-04-18
3646,30,9,1,2025-12-04
3647,469,9,1,2025-04-24
3648,394,7,3,2025-03-02
3649,407,1,2,2025-05-12
3650,329,6,1,2025-04-02
3651,178,8,2,2025-09-03
3652,431,11,1,2025-03-05
3653,471,5,1,2025-12-15
3654,324,9,1,2025-05-07
3655,300,18,2,2025-07-26
3656,387,16,3,2025-01-15
3657,78,12,1,2025-01-03
3658,6,14,1,2025-11-24
3659,467,17,2,2025-12-17
3660,399,9,3,2025-09-10
3661,47,5,1,2025-08-06
3662,357,18,2,2025-07-03
3663,2,15,1,2025-12-31
3664,394,11,3,2025-04-27
3665,185,3,2,2025-12-07
3666,446,5,1,2025-04-03
3667,230,7,2,2025-04-17
3668,207,8,3,2025-02-09
3669,247,5,1,2025-07-21
3670,298,15,1,2025-01-15
3671,78,20,2,2025-09-13
3672,17,5,1,2025-10-17
3673,376,2,2,2025-05-28
3674,250,2,3,2025-03-16
3675,57,6,1,2025-01-04
3676,137,15,2,2025-10-08
3677,310,19,1,2025-08-03
3678,394,7,1,2025-07-29
3679,100,1,2,2025-08-26
3680,121,1,1,2025-08-19
3681,486,1,4,2025-05-03
3682,408,17,2,2025-06-27
3683,310,10,2,2025-03-19
3684,68,2,1,2025-06-12
3685,121,10,1,2025-07-23
3686,72,3,1,2025-12-23
3687,283,1,1,2025-08-28
3688,311,16,1,2025-03-07
3689,435,15,1,2025-11-17
3690,493,12,2,2025-05-03
3691,465,3,2,2025-05-08
3692,421,2,1,2025-02-08
3693,210,6,1,2025-05-11
3694,494,8,2,2025-08-07
3695,378,20,2,2025-07-05
3696,408,13,1,2025-05-04
3697,199,6,1,2025-08-17
3698,185,10,1,2025-02-21
3699,481,9,1,2025-09-24
3700,83,4,1,2025-05-17
3701,18,15,2,2025-07-26
3702,102,10,1,2025-01-14
3703,192,4,1,2025-03-24
3704,490,6,1,2025-03-08
3705,227,15,1,2025-01-08
3706,22,2,3,2025-03-01
3707,454,3,2,2025-07-22
3708,397,10,2,2025-04-07
3709,342,4,1,2025-10-27
3710,156,2,1,2025-12-30
3711,1,3,3,2025-03-06
3712,81,17,2,2025-11-17
3713,268,12,2,2025-11-18
3714,363,19,4,2025-02-10
3715,268,19,3,2025-12-09
3716,312,15,1,2025-07-10
3717,482,1,1,2025-05-04
3718,312,8,1,2025-08-29
3719,347,10,2,2025-04-30
3720,215,20,2,2025-12-18
3721,246,1,1,2025-04-27
3722,346,17,2,2025-05-31
3723,224,4,1,2025-11-23
3724,195,16,4,2025-09-26
3725,399,18,1,2025-12-14
3726,407,10,2,2025-01-26
3727,321,19,1,2025-04-10
3728,481,4,1,2025-03-22
3729,322,11,3,2025-06-08
3730,156,8,1,2025-10-20
3731,345,15,2,2025-07-25
3732,88,1,2,2025-09-20
3733,189,11,1,2025-08-27
3734,67,2,2,2025-12-16
3735,258,17,2,2025-11-23
3736,415,15,1,2025-03-01
3737,330,14,1,2025-03-05
3738,75,11,3,2025-08-20
3739,152,14,1,2025-11-12
3740,486,20,1,2025-02-20
3741,226,20,2,2025-06-04
3742,469,19,2,2025-10-22
3743,48,6,1,2025-03-04
3744,474,10,1,2025-11-11
3745,172,8,1,2025-10-25
3746,164,9,1,2025-11-11
3747,1,9,3,2025-02-17
3748,272,6,1,2025-06-14
3749,10,2,1,2025-04-30
3750,46,1,1,2025-02-16
3751,116,7,1,2025-02-12
3752,476,14,1,2025-02-15
3753,453,18,1,2025-06-29
3754,242,13,2,2025-11-05
3755,132,5,2,2025-06-09
3756,341,14,1,2025-05-13
3757,449,1,2,2025-09-07
3758,161,18,1,2025-02-20
3759,104,19,1,2025-02-01
3760,29,9,2,2025-06-02
3761,8,10,3,2025-04-17
3762,23,4,1,2025-05-05
3763,46,7,1,2025-01-29
3764,396,9,2,2025-04-27
3765,69,3,2,2025-05-10
3766,188,11,1,2025-07-16
3767,395,20,3,2025-06-19
3768,414,18,1,2025-11-22
3769,202,11,1,2025-10-31
3770,444,20,1,2025-03-11
3771,368,14,1,2025-07-10
3772,367,10,2,2025-04-08
3773,296,18,2,2025-11-09
3774,107,6,1,2025-01-18
3775,374,2,2,2025-12-27
3776,175,7,1,2025-03-30
3777,57,19,1,2025-08-14
3778,153,4,1,2025-06-22
3779,178,19,1,2025-06-06
3780,342,20,2,2025-08-18
3781,391,14,2,2025-03-26
3782,211,11,2,2025-06-28
3783,52,12,1,2025-06-04
3784,103,20,1,2025-04-05
3785,379,1,1,2025-11-13
3786,2,1,2,2025-07-26
3787,140,12,2,2025-07-09
3788,1,6,2,2025-01-22
3789,214,17,2,2025-08-13
3790,332,17,2,2025-09-16
3791,224,15,2,2025-08-10
3792,38,9,1,2025-01-24
3793,233,11,2,2025-06-04
3794,168,15,2,2025-04-11
3795,342,5,2,2025-01-27
3796,89,11,1,2025-05-12
3797,499,6,1,2025-04-01
3798,118,16,1,2025-05-04
3799,282,16,1,2025-11-03
3800,195,17,3,2025-01-14
3801,20,16,4,2025-09-29
3802,456,18,2,2025-04-26
3803,88,7,3,2025-04-01
3804,206,10,3,2025-05-18
3805,287,17,4,2025-02-12
3806,34,1,1,2025-03-30
3807,396,9,1,2025-03-26
3808,146,11,1,2025-10-16
3809,359,14,3,2025-11-04
3810,302,6,1,2025-05-10
3811,153,3,2,2025-02-16
3812,235,9,4,2025-01-17
3813,320,14,2,2025-10-14
3814,220,15,1,2025-12-15
3815,166,4,3,2025-03-11
3816,446,6,1,2025-07-02
3817,93,7,2,2025-07-19
3818,423,18,1,2025-05-07
3819,215,14,2,2025-11-10
3820,213,6,4,2025-08-01
3821,408,5,2,2025-05-27
3822,306,19,3,2025-07-20
3823,220,13,1,2025-06-05
3824,62,5,1,2025-09-14
3825,29,1,1,2025-08-16
3826,287,11,2,2025-12-31
3827,40,17,1,2025-02-19
3828,255,8,1,2025-12-22
3829,451,17,1,2025-11-15
3830,112,17,1,2025-07-31
3831,261,1,1,2025-05-23
3832,97,10,3,2025-05-16
3833,380,8,2,2025-09-12
3834,278,13,1,2025-01-03
3835,326,19,2,2025-09-01
3836,465,1,2,2025-04-24
3837,224,16,4,2025-10-07
3838,10,20,1,2025-12-14
3839,486,17,1,2025-01-11
3840,283,14,2,2025-05-12
3841,225,6,1,2025-04-05
3842,281,18,1,2025-09-29
3843,272,14,1,2025-04-25
3844,330,3,2,2025-09-04
3845,217,17,1,2025-11-08
3846,97,16,1,2025-09-06
3847,383,5,2,2025-05-13
3848,218,1,4,2025-07-01
3849,321,5,1,2025-07-20
3850,56,2,2,2025-03-31
3851,446,16,2,2025-05-16
3852,128,19,1,2025-07-10
3853,229,14,2,2025-10-23
3854,11,19,2,2025-10-26
3855,34,7,2,2025-11-09
3856,301,15,1,2025-02-22
3857,264,14,3,2025-08-07
3858,289,9,2,2025-07-27
3859,297,9,1,2025-06-03
3860,199,13,2,2025-11-25
3861,290,19,1,2025-08-22
3862,253,20,1,2025-08-02
3863,65,5,2,2025-06-30
3864,336,20,1,2025-08-25
3865,378,11,1,2025-03-01
3866,65,14,1,2025-07-09
3867,304,20,1,2025-09-02
3868,42,19,2,2025-01-07
3869,485,4,1,2025-01-19
3870,212,12,2,2025-04-07
3871,220,10,1,2025-08-10
3872,393,9,2,2025-06-05
3873,149,1,2,2025-08-17
3874,142,4,1,2025-06-30
3875,264,20,1,2025-03-28
3876,457,11,1,2025-12-02
3877,28,7,1,2025-01-01
3878,495,7,1,2025-08-14
3879,348,1,2,2025-12-02
3880,42,5,1,2025-01-18
3881,266,10,3,2025-04-29
3882,396,6,1,2025-03-14
3883,281,16,1,2025-05-30
3884,88,19,2,2025-05-25
3885,466,20,2,2025-02-20
3886,9,11,1,2025-09-15
3887,252,18,1,2025-12-11
3888,100,7,1,2025-06-20
3889,397,5,2,2025-01-05
3890,384,14,1,2025-11-01
3891,450,2,1,2025-06-13
3892,217,15,3,2025-03-13
3893,90,20,1,2025-05-26
3894,398,17,1,2025-08-24
3895,440,13,1,2025-04-08
3896,35,6,2,2025-12-29
3897,489,6,1,2025-04-15
3898,476,14,3,2025-06-10
3899,391,18,1,2025-03-26
3900,349,17,2,2025-08-30
3901,91,8,1,2025-11-29
3902,86,16,2,2025-08-14
3903,258,16,2,2025-11-30
3904,43,8,2,2025-01-07
3905,20,11,2,2025-03-22
3906,82,2,3,2025-05-29
3907,233,4,1,2025-05-07
3908,327,6,4,2025-08-06
3909,144,19,2,2025-03-03
3910,10,15,3,2025-06-25
3911,164,9,4,2025-11-25
3912,327,3,1,2025-02-09
3913,67,14,1,2025-10-29
3914,173,8,1,2025-09-19
3915,482,7,2,2025-03-21
3916,388,2,4,2025-07-09
3917,261,19,1,2025-10-25
3918,81,19,1,2025-10-10
3919,410,17,2,2025-01-23
3920,198,4,1,2025-07-23
3921,339,19,1,2025-03-20
3922,465,2,2,2025-01-12
3923,290,19,1,2025-07-22
3924,37,19,2,2025-10-21
3925,225,7,1,2025-03-24
3926,405,15,2,2025-03-12
3927,138,9,1,2025-09-21
3928,416,19,3,2025-04-29
3929,232,12,1,2025-08-16
3930,212,8,2,2025-05-27
3931,278,14,2,2025-05-24
3932,211,2,1,2025-04-06
3933,112,16,1,2025-05-29
3934,255,16,1,2025-06-21
3935,128,14,2,2025-02-17
3936,487,13,2,2025-02-20
3937,304,2,2,2025-06-20
3938,309,20,2,2025-06-06
3939,34,10,1,2025-04-21
3940,237,2,3,2025-01-26
3941,111,15,2,2025-05-01
3942,438,8,1,2025-10-16
3943,334,3,1,2025-12-15
3944,468,16,2,2025-12-13
3945,297,5,1,2025-03-09
3946,440,3,2,2025-02-21
3947,23,8,1,2025-03-08
3948,339,10,2,2025-12-17
3949,455,10,1,2025-08-06
3950,454,11,1,2025-07-31
3951,87,14,1,2025-09-23
3952,32,7,2,2025-11-09
3953,311,4,1,2025-10-15
3954,495,5,2,2025-08-20
3955,221,2,4,2025-01-31
3956,447,17,1,2025-07-19
3957,361,14,2,2025-11-16
3958,394,12,2,2025-12-23
3959,95,7,1,2025-07-06
3960,409,7,1,2025-04-07
3961,257,15,1,2025-03-22
3962,409,11,1,2025-02-22
3963,433,6,2,2025-02-19
3964,380,15,1,2025-06-16
3965,305,3,2,2025-07-21
3966,497,5,1,2025-10-11
3967,476,13,1,2025-11-18
3968,16,3,1,2025-03-07
3969,399,4,2,2025-11-17
3970,147,2,3,2025-10-04
3971,95,12,1,2025-01-01
3972,376,13,1,2025-02-05
3973,337,10,2,2025-07-09
3974,408,18,2,2025-11-06
3975,281,11,2,2025-09-11
3976,437,15,4,2025-06-25
3977,367,18,1,2025-01-13
3978,35,15,2,2025-03-23
3979,311,3,1,2025-01-02
3980,303,8,2,2025-11-17
3981,4,16,1,2025-04-13
3982,72,7,1,2025-09-02
3983,6,12,4,2025-10-05
3984,276,12,2,2025-08-24
3985,98,17,1,2025-06-16
3986,249,17,2,2025-03-06
3987,347,6,1,2025-08-22
3988,384,1,2,2025-01-07
3989,2,4,1,2025-09-17
3990,18,18,4,2025-03-03
3991,332,20,2,2025-01-28
3992,306,7,3,2025-10-11
3993,241,11,1,2025-04-24
3994,355,20,1,2025-12-26
3995,239,10,1,2025-11-13
3996,196,1,1,2025-09-21
3997,315,19,2,2025-08-01
3998,14,11,2,2025-10-26
3999,494,11,1,2025-04-27
4000,418,16,1,2025-06-05
4001,22,7,1,2025-12-31
4002,341,12,2,2025-03-07
4003,258,10,2,2025-09-20
4004,243,14,3,2025-12-06
4005,304,4,2,2025-05-21
4006,108,19,2,2025-10-28
4007,58,6,1,2025-07-07
4008,215,12,2,2025-10-20
4009,112,1,1,2025-03-09
4010,212,18,1,2025-08-02
4011,38,7,3,2025-02-07
4012,239,8,1,2025-09-29
4013,425,10,2,2025-08-07
4014,130,20,4,2025-04-02
4015,256,18,2,2025-01-26
4016,69,2,1,2025-01-12
4017,4,19,2,2025-12-17
4018,262,19,1,2025-12-20
4019,185,12,1,2025-03-12
4020,154,6,3,2025-12-10
4021,28,3,1,2025-01-31
4022,298,3,2,2025-01-23
4023,264,12,1,2025-05-06
4024,147,12,3,2025-03-25
4025,331,8,2,2025-09-22
4026,151,1,1,2025-09-14
4027,314,2,2,2025-01-06
4028,364,3,1,2025-04-07
4029,489,20,1,2025-03-06
4030,92,12,1,2025-06-06
4031,100,13,2,2025-04-24
4032,264,19,1,2025-08-12
4033,23,16,1,2025-02-20
4034,157,4,1,2025-09-07
4035,43,2,1,2025-02-09
4036,356,18,2,2025-02-14
4037,127,16,2,2025-02-16
4038,123,16,1,2025-10-21
4039,304,19,2,2025-05-22
4040,28,16,1,2025-10-19
4041,118,10,1,2025-02-18
4042,304,5,3,2025-09-22
4043,111,6,2,2025-02-09
4044,344,17,1,2025-09-04
4045,267,8,2,2025-11-01
4046,151,7,1,2025-03-17
4047,357,6,1,2025-02-04
4048,26,5,4,2025-09-11
4049,273,10,1,2025-08-19
4050,410,11,4,2025-04-06
4051,118,12,1,2025-10-07
4052,249,4,2,2025-05-03
4053,472,3,3,2025-11-17
4054,384,15,3,2025-11-11
4055,444,5,1,2025-10-04
4056,425,3,1,2025-05-18
4057,362,6,1,2025-09-28
4058,436,2,2,2025-06-19
4059,391,20,1,2025-04-24
4060,381,9,1,2025-01-09
4061,465,4,1,2025-09-08
4062,202,8,1,2025-06-24
4063,110,2,2,2025-08-11
4064,12,16,3,2025-10-23
4065,132,15,2,2025-05-02
4066,329,20,3,2025-08-27
4067,60,20,1,2025-08-08
4068,309,16,1,2025-10-21
4069,124,11,2,2025-02-19
4070,359,10,1,2025-05-15
4071,310,4,2,2025-08-16
4072,460,6,1,2025-11-24
4073,71,6,2,2025-08-12
4074,363,3,1,2025-07-04
4075,450,3,2,2025-08-17
4076,309,19,3,2025-05-18
4077,52,14,3,2025-12-22
4078,238,11,3,2025-06-15
4079,144,20,4,2025-08-12
4080,410,10,1,2025-06-18
4081,19,8,3,2025-09-09
4082,182,11,3,2025-10-04
4083,436,20,3,2025-08-12
4084,278,4,4,2025-06-29
4085,170,5,1,2025-11-27
4086,482,7,1,2025-09-09
4087,349,3,1,2025-07-26
4088,473,17,1,2025-08-09
4089,11,12,3,2025-10-10
4090,457,20,2,2025-05-27
4091,216,6,1,2025-12-10
4092,110,9,2,2025-07-13
4093,35,7,1,2025-05-05
4094,76,15,2,2025-02-20
4095,448,5,1,2025-06-09
4096,500,7,3,2025-04-05
4097,274,13,2,2025-08-07
4098,281,11,2,2025-03-07
4099,20,17,1,2025-02-11
4100,382,1,3,2025-07-18
4101,92,17,1,2025-09-20
4102,440,5,2,2025-12-20
4103,169,3,2,2025-08-03
4104,324,16,3,2025-05-04
4105,307,12,3,2025-10-08
4106,336,16,4,2025-04-16
4107,118,12,1,2025-12-20
4108,202,5,2,2025-02-19
4109,289,9,3,2025-09-06
4110,483,17,1,2025-10-08
4111,327,15,1,2025-12-17
4112,414,8,3,2025-06-30
4113,116,8,1,2025-08-20
4114,498,18,3,2025-07-13
4115,129,19,1,2025-06-09
4116,228,4,2,2025-07-21
4117,239,20,1,2025-01-14
4118,370,2,2,2025-04-15
4119,280,17,3,2025-08-31
4120,225,3,1,2025-05-15
4121,336,3,1,2025-03-25
4122,436,8,1,2025-06-02
4123,459,15,1,2025-01-30
4124,129,14,1,2025-12-08
4125,24,9,2,2025-02-13
4126,116,12,1,2025-04-13
4127,26,7,3,2025-11-22
4128,216,6,1,2025-06-02
4129,379,20,1,2025-02-14
4130,436,9,4,2025-04-30
4131,213,7,1,2025-11-05
4132,261,1,2,2025-03-25
4133,98,14,2,2025-09-14
4134,97,13,1,2025-09-16
4135,442,20,2,2025-07-03
4136,296,11,2,2025-11-13
4137,335,12,1,2025-12-13
4138,340,20,1,2025-05-17
4139,462,17,1,2025-09-12
4140,337,11,1,2025-02-27
4141,363,18,1,2025-11-21
4142,334,18,3,2025-08-12
4143,108,4,2,2025-03-29
4144,226,16,1,2025-06-06
4145,48,8,1,2025-09-04
4146,54,16,2,2025-06-05
4147,68,10,1,2025-12-14
4148,182,1,2,2025-06-11
4149,319,19,2,2025-04-28
4150,339,18,4,2025-01-29
4151,246,7,1,2025-01-02
4152,112,4,2,2025-01-31
4153,471,5,1,2025-07-23
4154,91,5,2,2025-12-22
4155,115,19,3,2025-07-08
4156,454,8,1,2025-06-24
4157,386,7,1,2025-05-09
4158,359,2,1,2025-01-10
4159,210,14,1,2025-09-21
4160,25,5,2,2025-02-09
4161,325,3,1,2025-05-06
4162,116,15,1,2025-10-02
4163,7,1,3,2025-03-19
4164,439,11,1,2025-03-09
4165,382,4,2,2025-04-21
4166,126,17,2,2025-12-06
4167,421,12,1,2025-01-13
4168,442,3,2,2025-09-23
4169,333,2,2,2025-12-03
4170,403,18,2,2025-12-16
4171,169,11,1,2025-10-31
4172,351,5,2,2025-12-03
4173,98,5,1,2025-06-26
4174,310,5,1,2025-11-12
4175,161,8,3,2025-05-12
4176,251,11,1,2025-03-22
4177,6,9,1,2025-10-12
4178,331,7,2,2025-08-05
4179,77,13,1,2025-04-03
4180,88,10,1,2025-03-02
4181,444,15,1,2025-11-07
4182,335,18,1,2025-03-07
4183,212,4,1,2025-12-24
4184,323,16,1,2025-10-24
4185,126,13,2,2025-09-23
4186,157,8,1,2025-01-30
4187,470,2,3,2025-12-15
4188,189,10,2,2025-07-11
4189,263,8,2,2025-11-01
4190,39,16,1,2025-06-25
4191,169,5,1,2025-11-01
4192,359,5,2,2025-09-04
4193,124,2,4,2025-07-22
4194,28,20,2,2025-10-29
4195,93,12,1,2025-01-15
4196,379,15,1,2025-09-28
4197,58,16,1,2025-08-01
4198,251,8,2,2025-08-24
4199,77,10,1,2025-11-08
4200,246,11,1,2025-04-02
4201,288,10,2,2025-04-30
4202,121,16,1,2025-03-14
4203,400,2,1,2025-11-14
4204,177,1,1,2025-06-27
4205,359,12,3,2025-06-20
4206,272,2,1,2025-04-15
4207,180,3,2,2025-08-24
4208,342,5,1,2025-01-19
4209,161,7,1,2025-02-25
4210,480,1,1,2025-03-16
4211,450,8,1,2025-07-10
4212,64,5,1,2025-05-29
4213,378,2,2,2025-06-20
4214,251,14,3,2025-01-29
4215,384,6,4,2025-10-16
4216,466,19,1,2025-06-08
4217,148,17,1,2025-11-07
4218,82,14,1,2025-07-21
4219,261,18,2,2025-09-12
4220,439,20,2,2025-09-26
4221,119,11,4,2025-07-22
4222,480,17,2,2025-11-06
4223,126,12,1,2025-12-26
4224,438,12,1,2025-01-04
4225,486,9,2,2025-12-13
4226,281,9,1,2025-03-06
4227,467,5,1,2025-01-02
4228,8,4,1,2025-09-10
4229,323,8,1,2025-11-22
4230,256,11,1,2025-11-10
4231,95,7,2,2025-06-30
4232,23,9,4,2025-10-30
4233,462,13,4,2025-08-20
4234,207,20,1,2025-06-01
4235,284,1,1,2025-07-13
4236,240,11,1,2025-07-05
4237,238,13,1,2025-01-18
4238,164,6,2,2025-03-13
4239,414,11,2,2025-02-25
4240,29,12,4,2025-06-05
4241,46,2,1,2025-10-20
4242,21,9,1,2025-02-23
4243,368,4,1,2025-06-25
4244,462,7,1,2025-03-15
4245,437,17,1,2025-08-16
4246,442,3,2,2025-04-22
4247,340,19,1,2025-03-11
4248,401,10,2,2025-08-19
4249,110,4,1,2025-10-25
4250,65,6,1,2025-12-17
4251,409,2,3,2025-02-15
4252,151,3,1,2025-08-06
4253,164,13,1,2025-06-19
4254,230,8,1,2025-07-14
4255,392,6,1,2025-09-12
4256,354,14,1,2025-03-03
4257,382,7,1,2025-10-05
4258,352,17,3,2025-06-06
4259,262,14,2,2025-04-11
4260,359,9,4,2025-02-24
4261,479,16,2,2025-10-04
4262,83,6,2,2025-03-05
4263,467,9,2,2025-07-27
4264,187,7,1,2025-07-07
4265,22,4,1,2025-01-21
4266,410,4,3,2025-07-22
4267,120,15,2,2025-08-18
4268,255,16,3,2025-10-25
4269,494,15,1,2025-07-17
4270,326,19,1,2025-02-13
4271,180,14,2,2025-12-06
4272,80,6,3,2025-01-28
4273,301,3,1,2025-06-28
4274,361,4,1,2025-11-06
4275,334,11,1,2025-06-06
4276,120,6,2,2025-10-03
4277,166,7,1,2025-08-02
4278,134,15,1,2025-01-19
4279,248,1,2,2025-11-09
4280,128,9,1,2025-09-09
4281,171,17,4,2025-10-12
4282,184,7,2,2025-02-02
4283,178,1,1,2025-08-01
4284,27,2,1,2025-11-24
4285,51,10,1,2025-11-15
4286,327,13,3,2025-04-16
4287,25,15,1,2025-10-07
4288,180,4,2,2025-10-25
4289,158,8,1,2025-10-22
4290,20,1,1,2025-01-30
4291,191,1,1,2025-12-21
4292,429,14,2,2025-10-19
4293,278,13,2,2025-05-20
4294,62,19,1,2025-09-13
4295,386,11,4,2025-12-29
4296,436,10,2,2025-03-27
4297,446,3,1,2025-10-11
4298,15,20,2,2025-03-04
4299,424,8,1,2025-06-22
4300,495,6,1,2025-07-14
4301,384,11,1,2025-12-31
4302,236,16,3,2025-08-12
4303,114,7,1,2025-06-29
4304,2,18,1,2025-11-10
4305,414,6,4,2025-12-04
4306,293,4,1,2025-02-14
4307,341,8,4,2025-08-05
4308,216,9,2,2025-03-25
4309,48,9,1,2025-12-23
4310,431,13,3,2025-01-06
4311,12,16,1,2025-03-26
4312,362,19,2,2025-10-09
4313,263,12,1,2025-03-18
4314,30,16,1,2025-09-23
4315,133,5,1,2025-05-11
4316,83,13,2,2025-10-16
4317,457,17,1,2025-05-03
4318,214,15,1,2025-11-06
4319,394,14,2,2025-08-25
4320,174,8,2,2025-04-11
4321,192,3,3,2025-06-08
4322,289,19,2,2025-02-10
4323,321,9,1,2025-04-21
4324,481,6,2,2025-09-20
4325,149,17,1,2025-02-11
4326,221,9,1,2025-03-11
4327,347,9,1,2025-09-18
4328,367,4,2,2025-06-11
4329,111,17,4,2025-09-16
4330,162,4,2,2025-11-26
4331,416,2,1,2025-11-28
4332,110,1,2,2025-08-31
4333,132,10,2,2025-12-26
4334,167,18,3,2025-05-20
4335,83,20,2,2025-07-31
4336,109,20,1,2025-02-11
4337,393,9,1,2025-04-27
4338,451,16,1,2025-09-02
4339,451,6,1,2025-05-05
4340,239,15,1,2025-09-18
4341,81,17,1,2025-11-27
4342,132,20,1,2025-12-29
4343,395,3,2,2025-01-25
4344,197,16,1,2025-02-03
4345,330,2,1,2025-03-20
4346,116,17,3,2025-10-11
4347,235,3,1,2025-04-29
4348,74,18,1,2025-04-15
4349,448,16,1,2025-08-28
4350,248,19,2,2025-09-03
4351,97,7,1,2025-12-10
4352,490,4,2,2025-04-27
4353,299,14,1,2025-03-18
4354,115,16,1,2025-02-21
4355,368,11,2,2025-05-20
4356,355,5,4,2025-11-29
4357,189,15,1,2025-02-05
4358,203,4,2,2025-08-11
4359,103,4,2,2025-05-26
4360,175,7,2,2025-05-04
4361,289,9,1,2025-12-13
4362,282,5,1,2025-07-25
4363,102,12,1,2025-07-04
4364,328,14,4,2025-02-23
4365,445,16,1,2025-01-19
4366,151,18,2,2025-05-22
4367,380,14,2,2025-08-20
4368,445,7,2,2025-06-16
4369,239,9,2,2025-02-15
4370,238,9,1,2025-10-11
4371,254,5,1,2025-03-02
4372,473,6,1,2025-07-05
4373,469,9,1,2025-01-06
4374,434,18,2,2025-12-18
4375,171,17,1,2025-05-16
4376,135,7,2,2025-08-06
4377,338,5,2,2025-03-08
4378,100,13,1,2025-04-06
4379,262,17,2,2025-11-25
4380,266,9,2,2025-10-27
4381,500,8,2,2025-10-13
4382,104,20,1,2025-07-03
4383,364,9,1,2025-08-07
4384,40,8,2,2025-06-18
4385,44,13,1,2025-12-27
4386,48,13,2,2025-05-09
4387,426,18,1,2025-06-19
4388,360,4,4,2025-07-30
4389,25,2,1,2025-07-21
4390,297,5,1,2025-04-23
4391,377,2,1,2025-12-31
4392,347,10,1,2025-09-13
4393,250,18,1,2025-04-14
4394,483,12,2,2025-02-13
4395,450,19,2,2025-02-10
4396,405,18,2,2025-05-12
4397,35,12,1,2025-10-29
4398,497,9,1,2025-04-17
4399,100,19,1,2025-02-27
4400,77,12,2,2025-04-24
4401,3,18,1,2025-09-22
4402,311,20,2,2025-07-27
4403,382,14,4,2025-04-21
4404,174,6,2,2025-04-20
4405,365,9,1,2025-06-20
4406,35,19,3,2025-02-24
4407,260,2,2,2025-01-04
4408,378,14,1,2025-01-05
4409,368,8,1,2025-06-11
4410,171,18,1,2025-08-25
4411,285,1,1,2025-09-13
4412,173,15,3,2025-05-13
4413,383,1,1,2025-12-16
4414,289,1,2,2025-09-13
4415,176,1,2,2025-08-20
4416,162,2,1,2025-10-10
4417,227,15,2,2025-12-17
4418,327,17,2,2025-03-06
4419,488,15,1,2025-02-10
4420,171,14,1,2025-03-02
4421,246,16,1,2025-10-29
4422,352,19,2,2025-09-28
4423,159,14,2,2025-02-07
4424,260,15,2,2025-03-14
4425,270,20,1,2025-11-19
4426,467,3,1,2025-12-31
4427,469,15,2,2025-03-20
4428,119,19,1,2025-01-18
4429,33,16,1,2025-03-29
4430,393,8,2,2025-08-28
4431,356,6,1,2025-09-01
4432,91,19,1,2025-04-01
4433,23,3,1,2025-11-18
4434,291,2,1,2025-06-11
4435,303,18,1,2025-11-23
4436,462,2,1,2025-08-20
4437,302,19,3,2025-12-07
4438,318,13,1,2025-07-15
4439,262,10,2,2025-05-07
4440,257,5,1,2025-03-06
4441,428,3,1,2025-03-17
4442,184,15,1,2025-11-22
4443,235,7,1,2025-05-27
4444,273,8,1,2025-08-14
4445,229,20,4,2025-01-07
4446,419,18,1,2025-10-21
4447,363,12,1,2025-09-29
4448,393,17,1,2025-03-04
4449,469,1,2,2025-07-18
4450,345,9,1,2025-01-02
4451,255,8,2,2025-03-08
4452,20,4,2,2025-01-18
4453,232,12,2,2025-06-08
4454,297,12,1,2025-12-13
4455,444,8,4,2025-10-23
4456,54,5,1,2025-10-18
4457,130,10,1,2025-05-04
4458,300,11,1,2025-10-19
4459,345,4,1,2025-09-13
4460,128,18,4,2025-05-20
4461,256,3,1,2025-05-04
4462,229,6,1,2025-04-13
4463,230,15,2,2025-11-23
4464,407,1,2,2025-05-28
4465,163,18,3,2025-05-05
4466,461,4,4,2025-04-09
4467,367,17,2,2025-08-17
4468,334,17,1,2025-12-25
4469,327,15,2,2025-12-15
4470,367,20,1,2025-10-02
4471,497,7,1,2025-06-17
4472,374,11,2,2025-09-19
4473,205,16,2,2025-08-03
4474,70,10,3,2025-08-20
4475,193,13,3,2025-11-13
4476,500,10,2,2025-05-12
4477,107,11,1,2025-05-16
4478,120,9,1,2025-03-31
4479,189,13,1,2025-10-20
4480,216,12,1,2025-07-11
4481,378,18,1,2025-05-05
4482,42,9,2,2025-12-29
4483,379,14,2,2025-02-05
4484,65,4,1,2025-10-07
4485,23,10,1,2025-01-09
4486,377,16,1,2025-03-31
4487,205,3,2,2025-11-25
4488,148,18,1,2025-07-09
4489,406,16,1,2025-08-25
4490,471,1,1,2025-04-28
4491,499,5,1,2025-12-25
4492,235,16,3,2025-04-02
4493,336,11,1,2025-08-06
4494,226,1,1,2025-03-13
4495,277,7,1,2025-07-03
4496,95,13,2,2025-12-09
4497,404,19,1,2025-07-02
4498,429,14,1,2025-05-13
4499,189,17,1,2025-12-02
4500,203,8,2,2025-10-27
4501,461,11,1,2025-11-22
4502,38,6,1,2025-12-28
4503,207,6,1,2025-05-26
4504,454,2,1,2025-10-06
4505,335,20,1,2025-10-02
4506,447,12,1,2025-01-23
4507,226,2,4,2025-01-17
4508,458,11,1,2025-08-02
4509,493,6,1,2025-08-08
4510,162,16,2,2025-01-08
4511,268,13,3,2025-03-21
4512,239,12,1,2025-05-06
4513,297,4,2,2025-06-06
4514,386,3,1,2025-02-26
4515,408,18,1,2025-04-18
4516,266,15,2,2025-09-21
4517,171,2,2,2025-07-21
4518,462,7,1,2025-01-20
4519,43,15,2,2025-09-30
4520,192,13,2,2025-07-16
4521,191,11,1,2025-03-19
4522,45,4,3,2025-06-10
4523,382,12,1,2025-10-07
4524,455,20,1,2025-05-22
4525,29,3,2,2025-03-23
4526,351,8,1,2025-10-17
4527,103,9,1,2025-09-01
4528,483,1,2,2025-02-01
4529,460,15,1,2025-07-06
4530,183,17,2,2025-01-16
4531,486,20,1,2025-04-10
4532,496,4,1,2025-02-16
4533,248,19,3,2025-03-19
4534,162,1,3,2025-09-05
4535,84,16,2,2025-09-14
4536,77,3,2,2025-01-27
4537,60,11,1,2025-08-10
4538,147,6,1,2025-05-24
4539,103,8,1,2025-08-28
4540,58,3,2,2025-11-12
4541,370,3,1,2025-11-21
4542,209,9,2,2025-08-08
4543,492,13,2,2025-01-13
4544,52,6,1,2025-04-22
4545,395,10,1,2025-09-10
4546,368,6,2,2025-03-02
4547,492,7,1,2025-04-30
4548,360,15,1,2025-01-27
4549,308,8,2,2025-04-18
4550,100,15,4,2025-12-12
4551,93,17,1,2025-02-23
4552,332,18,3,2025-01-31
4553,17,11,1,2025-06-27
4554,164,2,3,2025-10-20
4555,89,11,1,2025-06-02
4556,376,1,2,2025-10-29
4557,211,8,2,2025-12-04
4558,429,2,1,2025-02-25
4559,291,2,1,2025-09-19
4560,387,18,1,2025-03-13
4561,274,1,3,2025-03-01
4562,411,9,2,2025-07-11
4563,319,3,2,2025-01-15
4564,358,11,4,2025-02-13
4565,16,1,2,2025-12-05
4566,86,16,1,2025-09-20
4567,244,2,1,2025-10-25
4568,498,13,2,2025-04-11
4569,87,11,2,2025-01-22
4570,145,6,4,2025-07-22
4571,459,7,1,2025-01-16
4572,445,16,1,2025-05-02
4573,115,7,2,2025-08-27
4574,466,1,2,2025-08-19
4575,495,8,1,2025-06-29
4576,87,3,1,2025-02-23
4577,243,14,1,2025-07-28
4578,43,15,1,2025-05-20
4579,142,3,1,2025-09-06
4580,129,12,2,2025-07-15
4581,281,18,2,2025-05-06
4582,315,10,1,2025-11-28
4583,83,13,1,2025-01-04
4584,164,10,1,2025-05-02
4585,358,16,1,2025-01-23
4586,338,19,1,2025-11-12
4587,82,2,1,2025-07-01
4588,172,7,2,2025-12-26
4589,195,15,1,2025-02-22
4590,355,2,1,2025-09-21
4591,254,5,1,2025-09-21
4592,255,8,2,2025-11-16
4593,74,11,3,2025-08-09
4594,87,14,3,2025-01-28
4595,401,19,2,2025-09-13
4596,123,19,2,2025-12-20
4597,224,14,1,2025-02-05
4598,257,17,3,2025-10-28
4599,178,12,1,2025-07-13
4600,349,10,1,2025-07-12
4601,263,2,1,2025-11-15
4602,381,19,1,2025-01-10
4603,209,19,2,2025-11-06
4604,3,16,2,2025-04-24
4605,343,9,1,2025-08-18
4606,230,8,2,2025-03-15
4607,436,3,1,2025-09-14
4608,85,7,1,2025-01-17
4609,365,18,1,2025-12-03
4610,140,4,2,2025-02-20
4611,199,9,3,2025-09-07
4612,333,9,2,2025-07-13
4613,407,1,4,2025-09-01
4614,479,12,2,2025-04-11
4615,73,5,1,2025-02-24
4616,386,3,1,2025-12-10
4617,187,14,2,2025-07-21
4618,111,18,2,2025-08-18
4619,206,16,4,2025-12-05
4620,21,9,1,2025-03-15
4621,268,4,1,2025-12-29
4622,440,13,2,2025-06-13
4623,70,8,1,2025-01-05
4624,418,19,1,2025-08-28
4625,180,19,1,2025-04-25
4626,95,1,2,2025-06-26
4627,403,8,2,2025-10-06
4628,267,1,3,2025-06-20
4629,255,10,1,2025-01-06
4630,52,16,1,2025-05-13
4631,499,4,2,2025-10-20
4632,72,11,2,2025-03-23
4633,328,6,2,2025-05-09
4634,346,4,1,2025-04-20
4635,132,10,1,2025-11-17
4636,258,15,2,2025-09-23
4637,431,9,3,2025-07-19
4638,51,13,2,2025-11-18
4639,268,9,1,2025-06-13
4640,78,14,1,2025-12-03
4641,364,18,1,2025-03-05
4642,231,16,1,2025-08-15
4643,326,9,3,2025-01-04
4644,120,19,4,2025-12-03
4645,106,2,1,2025-01-03
4646,86,16,4,2025-08-15
4647,115,18,3,2025-10-13
4648,107,5,1,2025-07-17
4649,131,18,1,2025-09-22
4650,77,9,1,2025-01-05
4651,119,4,1,2025-07-22
4652,434,7,1,2025-10-12
4653,31,16,1,2025-01-13
4654,388,20,2,2025-04-28
4655,251,8,1,2025-04-02
4656,293,15,2,2025-10-02
4657,297,8,1,2025-04-23
4658,382,4,1,2025-01-20
4659,96,8,1,2025-07-18
4660,188,18,2,2025-02-04
4661,323,14,2,2025-05-01
4662,326,6,3,2025-05-25
4663,439,15,1,2025-12-19
4664,104,20,2,2025-08-25
4665,407,14,2,2025-09-23
4666,458,19,2,2025-12-13
4667,468,20,3,2025-11-18
4668,2,18,1,2025-08-21
4669,460,6,1,2025-12-20
4670,242,3,1,2025-01-04
4671,386,1,2,2025-03-24
4672,445,6,1,2025-12-31
4673,30,6,3,2025-02-06
4674,57,3,2,2025-12-22
4675,37,11,1,2025-10-17
4676,10,17,1,2025-07-18
4677,393,17,2,2025-06-18
4678,216,16,1,2025-03-24
4679,411,4,2,2025-06-24
4680,303,11,1,2025-10-23
4681,216,6,2,2025-07-03
4682,346,9,1,2025-09-15
4683,468,18,1,2025-12-15
4684,201,7,1,2025-10-18
4685,46,17,1,2025-11-11
4686,63,18,2,2025-01-29
4687,310,16,1,2025-04-08
4688,59,6,1,2025-04-01
4689,83,15,1,2025-09-15
4690,109,16,2,2025-01-12
4691,187,14,2,2025-03-23
4692,285,16,1,2025-12-19
4693,239,18,2,2025-10-28
4694,43,16,2,2025-10-23
4695,450,14,1,2025-08-31
4696,219,18,1,2025-11-18
4697,247,1,1,2025-08-16
4698,244,19,2,2025-10-27
4699,60,19,1,2025-05-19
4700,196,20,1,2025-03-26
4701,456,15,1,2025-02-25
4702,122,9,2,2025-11-20
4703,174,1,2,2025-12-17
4704,254,7,2,2025-11-08
4705,472,1,1,2025-06-25
4706,129,3,1,2025-09-14
4707,242,15,1,2025-02-26
4708,164,10,1,2025-02-07
4709,487,9,2,2025-07-04
4710,470,14,2,2025-03-29
4711,2,4,2,2025-06-11
4712,6,15,1,2025-08-28
4713,438,4,2,2025-03-21
4714,188,2,1,2025-06-22
4715,269,20,1,2025-02-13
4716,272,5,2,2025-11-08
4717,95,7,2,2025-01-11
4718,42,11,1,2025-07-19
4719,209,16,2,2025-03-21
4720,100,9,1,2025-01-30
4721,184,11,1,2025-12-21
4722,315,12,3,2025-07-04
4723,466,9,1,2025-04-27
4724,151,14,1,2025-08-10
4725,254,6,1,2025-11-21
4726,374,4,1,2025-12-10
4727,266,4,1,2025-10-13
4728,176,8,1,2025-12-28
4729,23,14,3,2025-12-13
4730,315,3,2,2025-04-02
4731,218,9,1,2025-02-26
4732,490,7,1,2025-04-12
4733,494,4,1,2025-02-04
4734,302,6,2,2025-10-02
4735,45,7,1,2025-06-03
4736,236,9,2,2025-07-04
4737,8,13,3,2025-04-29
4738,392,17,2,2025-05-14
4739,376,15,4,2025-11-09
4740,212,12,1,2025-08-25
4741,157,15,3,2025-02-24
4742,460,16,1,2025-02-27
4743,465,16,2,2025-05-31
4744,453,4,2,2025-04-25
4745,271,14,1,2025-12-19
4746,64,16,1,2025-09-14
4747,480,16,2,2025-10-26
4748,239,8,4,2025-04-11
4749,304,15,2,2025-05-27
4750,385,7,3,2025-08-02
4751,366,12,1,2025-10-12
4752,137,17,2,2025-04-13
4753,355,7,2,2025-10-15
4754,477,18,1,2025-06-10
4755,287,14,1,2025-09-13
4756,394,15,1,2025-07-11
4757,323,12,1,2025-07-21
4758,162,13,1,2025-04-13
4759,358,18,1,2025-09-01
4760,163,1,1,2025-03-12
4761,101,3,2,2025-05-09
4762,52,8,1,2025-08-31
4763,2,10,1,2025-02-11
4764,366,10,1,2025-12-13
4765,103,20,1,2025-08-27
4766,279,3,1,2025-09-14
4767,357,9,1,2025-08-05
4768,349,5,3,2025-06-02
4769,396,6,3,2025-05-07
4770,71,6,1,2025-08-10
4771,30,4,1,2025-01-13
4772,328,17,2,2025-03-27
4773,334,20,1,2025-12-23
4774,18,20,1,2025-02-22
4775,62,10,2,2025-01-06
4776,149,3,2,2025-02-23
4777,105,7,2,2025-03-29
4778,467,4,1,2025-04-17
4779,35,17,2,2025-05-03
4780,376,18,1,2025-10-09
4781,33,11,2,2025-04-01
4782,349,9,1,2025-09-02
4783,108,17,1,2025-06-05
4784,78,19,1,2025-05-06
4785,96,14,1,2025-11-15
4786,329,9,1,2025-07-07
4787,405,6,1,2025-11-16
4788,367,7,1,2025-05-26
4789,411,6,1,2025-09-11
4790,13,17,1,2025-12-22
4791,468,3,3,2025-02-20
4792,332,8,2,2025-06-09
4793,160,19,1,2025-05-24
4794,122,13,2,2025-11-11
4795,459,20,1,2025-02-23
4796,473,9,2,2025-05-06
4797,405,18,1,2025-03-03
4798,103,13,2,2025-08-01
4799,407,2,3,2025-12-25
4800,172,16,1,2025-05-29
4801,126,19,1,2025-07-31
4802,288,12,3,2025-02-24
4803,45,16,1,2025-11-24
4804,149,11,1,2025-05-20
4805,222,17,2,2025-10-22
4806,214,17,1,2025-09-20
4807,280,3,1,2025-08-20
4808,163,6,1,2025-08-09
4809,279,12,1,2025-03-28
4810,348,5,1,2025-01-11
4811,385,2,1,2025-05-06
4812,8,6,2,2025-06-21
4813,262,3,2,2025-08-22
4814,293,11,2,2025-07-04
4815,299,7,2,2025-11-10
4816,390,14,1,2025-10-12
4817,122,14,1,2025-03-12
4818,248,20,1,2025-01-01
4819,135,13,3,2025-01-03
4820,25,10,2,2025-07-23
4821,133,19,2,2025-07-13
4822,52,13,2,2025-02-23
4823,37,5,3,2025-03-22
4824,461,11,1,2025-12-13
4825,280,15,2,2025-06-17
4826,18,18,1,2025-04-07
4827,271,8,4,2025-10-09
4828,423,16,1,2025-04-18
4829,172,4,1,2025-08-27
4830,33,13,2,2025-08-23
4831,497,17,3,2025-12-15
4832,81,8,1,2025-09-29
4833,237,8,1,2025-02-21
4834,25,6,1,2025-02-27
4835,318,3,3,2025-08-23
4836,145,15,4,2025-07-02
4837,469,12,1,2025-07-07
4838,465,15,1,2025-03-23
4839,237,11,1,2025-06-09
4840,399,11,2,2025-01-16
4841,348,15,4,2025-12-28
4842,73,5,3,2025-03-31
4843,133,13,1,2025-03-26
4844,39,17,2,2025-10-14
4845,103,12,3,2025-11-01
4846,121,4,2,2025-02-28
4847,330,18,1,2025-09-23
4848,341,9,1,2025-02-25
4849,268,19,1,2025-09-27
4850,13,20,1,2025-10-10
4851,194,8,2,2025-03-16
4852,90,11,1,2025-08-26
4853,242,3,2,2025-04-22
4854,160,10,3,2025-11-13
4855,31,17,1,2025-06-05
4856,119,20,1,2025-11-22
4857,381,15,2,2025-03-12
4858,139,1,2,2025-02-13
4859,428,12,1,2025-02-07
4860,293,3,1,2025-10-16
4861,14,5,2,2025-06-28
4862,393,12,1,2025-12-15
4863,59,18,2,2025-08-18
4864,351,6,1,2025-04-25
4865,156,11,1,2025-12-25
4866,145,19,1,2025-12-05
4867,103,19,1,2025-08-06
4868,420,18,2,2025-04-14
4869,483,12,3,2025-07-07
4870,90,4,3,2025-03-16
4871,221,2,2,2025-07-28
4872,31,20,2,2025-01-29
4873,257,12,2,2025-05-13
4874,237,14,4,2025-09-28
4875,49,6,1,2025-05-09
4876,162,9,1,2025-10-06
4877,130,14,1,2025-03-22
4878,304,2,1,2025-10-30
4879,287,10,1,2025-10-09
4880,258,5,2,2025-04-06
4881,481,8,1,2025-07-19
4882,120,17,3,2025-07-15
4883,408,7,1,2025-05-18
4884,204,17,2,2025-12-20
4885,63,3,2,2025-03-28
4886,396,4,1,2025-10-08
4887,329,15,2,2025-04-18
4888,101,8,1,2025-01-21
4889,356,2,1,2025-02-01
4890,415,12,1,2025-11-05
4891,433,2,2,2025-10-27
4892,250,4,2,2025-02-24
4893,267,5,1,2025-04-05
4894,375,18,1,2025-08-10
4895,167,14,3,2025-10-12
4896,18,4,1,2025-08-18
4897,374,10,1,2025-06-15
4898,195,4,2,2025-03-11
4899,212,8,3,2025-03-27
4900,178,9,1,2025-11-03
4901,118,8,2,2025-12-02
4902,394,7,1,2025-06-26
4903,420,12,2,2025-03-23
4904,213,7,1,2025-10-04
4905,412,10,2,2025-11-20
4906,494,7,1,2025-04-06
4907,377,4,2,2025-07-10
4908,225,13,1,2025-05-22
4909,79,18,1,2025-10-31
4910,304,12,1,2025-02-11
4911,342,2,1,2025-02-17
4912,237,5,1,2025-03-31
4913,202,1,1,2025-09-20
4914,60,19,1,2025-02-16
4915,410,14,3,2025-11-01
4916,311,17,4,2025-02-05
4917,189,20,1,2025-04-20
4918,54,18,4,2025-09-21
4919,92,16,2,2025-01-14
4920,306,14,1,2025-12-23
4921,31,3,2,2025-03-13
4922,73,1,1,2025-05-20
4923,248,5,1,2025-03-15
4924,284,17,2,2025-05-27
4925,136,7,3,2025-04-05
4926,296,11,1,2025-12-17
4927,13,1,2,2025-09-28
4928,414,3,2,2025-01-22
4929,5,14,1,2025-09-27
4930,277,19,1,2025-03-30
4931,353,18,1,2025-09-22
4932,391,19,4,2025-09-21
4933,464,9,1,2025-12-14
4934,141,16,1,2025-08-17
4935,98,15,1,2025-01-24
4936,66,16,2,2025-11-11
4937,277,8,2,2025-11-28
4938,247,7,1,2025-10-05
4939,230,11,1,2025-08-31
4940,88,11,1,2025-10-13
4941,490,1,1,2025-11-27
4942,206,1,1,2025-09-20
4943,252,15,3,2025-06-25
4944,171,7,1,2025-10-20
4945,376,9,1,2025-12-31
4946,27,20,1,2025-01-24
4947,247,17,1,2025-02-13
4948,474,8,2,2025-07-16
4949,368,4,1,2025-03-06
4950,193,17,3,2025-12-06
4951,500,4,2,2025-11-10
4952,320,3,1,2025-07-25
4953,253,14,2,2025-02-16
4954,173,20,1,2025-07-07
4955,297,19,1,2025-05-17
4956,105,3,2,2025-04-19
4957,154,15,1,2025-11-08
4958,92,14,1,2025-10-01
4959,330,1,4,2025-02-27
4960,76,15,1,2025-07-06
4961,86,15,2,2025-06-11
4962,199,5,3,2025-08-29
4963,205,17,1,2025-06-15
4964,221,10,1,2025-11-20
4965,30,1,1,2025-05-21
4966,414,3,1,2025-02-25
4967,45,13,1,2025-07-11
4968,152,2,1,2025-06-20
4969,395,20,1,2025-04-16
4970,425,3,1,2025-06-21
4971,22,3,1,2025-12-08
4972,177,6,4,2025-03-27
4973,325,10,3,2025-01-01
4974,82,14,2,2025-03-08
4975,14,6,1,2025-10-05
4976,48,13,2,2025-01-28
4977,398,6,4,2025-09-24
4978,92,1,1,2025-05-10
4979,404,11,3,2025-06-22
4980,418,9,1,2025-01-04
4981,489,17,1,2025-07-13
4982,267,15,1,2025-04-05
4983,168,9,1,2025-07-24
4984,446,1,3,2025-07-15
4985,31,15,1,2025-09-30
4986,247,14,2,2025-05-23
4987,109,4,3,2025-08-11
4988,291,8,1,2025-08-12
4989,328,12,2,2025-05-21
4990,328,5,2,2025-03-20
4991,27,8,2,2025-11-14
4992,274,1,2,2025-03-07
4993,379,10,2,2025-09-28
4994,337,10,2,2025-08-27
4995,457,5,1,2025-05-18
4996,335,6,1,2025-03-28
4997,313,3,1,2025-12-20
4998,496,2,1,2025-02-27
4999,323,19,4,2025-01-20
5000,115,11,1,2025-11-18
